modello,dataset,fase,epoca,timestamp,project_name,run_id,experiment_id,duration,emissions,emissions_rate,cpu_power,gpu_power,ram_power,cpu_energy,gpu_energy,ram_energy,energy_consumed,country_name,country_iso_code,region,cloud_provider,cloud_region,os,python_version,codecarbon_version,cpu_count,cpu_model,gpu_count,gpu_model,longitude,latitude,ram_total_size,tracking_mode,on_cloud,pue
vgg16,cifar100,eval,1,2025-09-26T17:39:29,codecarbon,39883d30-6c4e-4720-be9b-d0cbe0597018,5b0fa12a-3dd7-45bb-9766-cc326314d9f1,3.0663525708951056,4.850914518335761e-05,1.5819819822349132e-05,37.463328985,83.80226109675846,70.0,2.6411661003880244e-05,7.107727908106654e-05,4.918933319729856e-05,0.0001466782732822,Italy,ITA,tuscany,,,Linux-5.15.0-142-generic-x86_64-with-glibc2.35,3.10.12,3.0.4,96,Intel(R) Xeon(R) Gold 5418Y,1,1 x NVIDIA L40S,11.2516,43.7825,503.5681610107422,machine,N,1.0
vgg16,cifar100,eval,2,2025-09-26T17:39:55,codecarbon,af9f62c1-0108-41df-ad4f-b0b5b2950542,5b0fa12a-3dd7-45bb-9766-cc326314d9f1,2.4081032099202275,3.7020472360525993e-05,1.537329139715418e-05,37.11346642,84.70307690843882,70.0,1.932564758397754e-05,5.632032283386934e-05,3.629372551804409e-05,0.0001119396959358,Italy,ITA,tuscany,,,Linux-5.15.0-142-generic-x86_64-with-glibc2.35,3.10.12,3.0.4,96,Intel(R) Xeon(R) Gold 5418Y,1,1 x NVIDIA L40S,11.2516,43.7825,503.5681610107422,machine,N,1.0
vgg16,cifar100,eval,3,2025-09-26T17:40:22,codecarbon,14e1deaa-bb61-422e-8f28-f3be4f33c39f,5b0fa12a-3dd7-45bb-9766-cc326314d9f1,2.412138119805604,3.707817667578496e-05,1.5371498162291436e-05,37.187300512000014,84.41561033384512,70.0,1.946099038602467e-05,5.619587828675776e-05,3.645730919411614e-05,0.0001121141778668,Italy,ITA,tuscany,,,Linux-5.15.0-142-generic-x86_64-with-glibc2.35,3.10.12,3.0.4,96,Intel(R) Xeon(R) Gold 5418Y,1,1 x NVIDIA L40S,11.2516,43.7825,503.5681610107422,machine,N,1.0
vgg16,cifar100,eval,4,2025-09-26T17:40:48,codecarbon,91b58b65-d96f-4c64-807e-e2f57c39ebb7,5b0fa12a-3dd7-45bb-9766-cc326314d9f1,2.3374320310540497,3.555878787215908e-05,1.521275801809051e-05,37.067471128,83.4253871549873,70.0,1.862277147621463e-05,5.3901154231539294e-05,3.499603955618417e-05,0.0001075199652639,Italy,ITA,tuscany,,,Linux-5.15.0-142-generic-x86_64-with-glibc2.35,3.10.12,3.0.4,96,Intel(R) Xeon(R) Gold 5418Y,1,1 x NVIDIA L40S,11.2516,43.7825,503.5681610107422,machine,N,1.0
vgg16,cifar100,eval,5,2025-09-26T17:41:14,codecarbon,0c564ad7-0ebb-4a76-8988-b38b30de39ad,5b0fa12a-3dd7-45bb-9766-cc326314d9f1,2.2615672717802227,3.480523550924974e-05,1.538987406810691e-05,37.0397387215,86.39270043192231,70.0,1.7797620546542973e-05,5.392004314330734e-05,3.3523767103906726e-05,0.0001052414307937,Italy,ITA,tuscany,,,Linux-5.15.0-142-generic-x86_64-with-glibc2.35,3.10.12,3.0.4,96,Intel(R) Xeon(R) Gold 5418Y,1,1 x NVIDIA L40S,11.2516,43.7825,503.5681610107422,machine,N,1.0
vgg16,cifar100,eval,6,2025-09-26T17:41:40,codecarbon,3592964f-90d6-4c5a-a9c8-4bfd58b24c2e,5b0fa12a-3dd7-45bb-9766-cc326314d9f1,2.3437341158278286,3.556173001394993e-05,1.5173107637847053e-05,37.113475744,83.20520105619278,70.0,1.8676647997098893e-05,5.376587634486896e-05,3.508633714712536e-05,0.000107528861489,Italy,ITA,tuscany,,,Linux-5.15.0-142-generic-x86_64-with-glibc2.35,3.10.12,3.0.4,96,Intel(R) Xeon(R) Gold 5418Y,1,1 x NVIDIA L40S,11.2516,43.7825,503.5681610107422,machine,N,1.0
vgg16,cifar100,eval,7,2025-09-26T17:42:06,codecarbon,debc26a2-3493-4e20-b66d-5e0a51b8431c,5b0fa12a-3dd7-45bb-9766-cc326314d9f1,2.3987748050130904,3.707841078348954e-05,1.5457228709423268e-05,37.1615654395,85.90784341077503,70.0,1.924544827113285e-05,5.6801156553376586e-05,3.606828091950673e-05,0.000112114885744,Italy,ITA,tuscany,,,Linux-5.15.0-142-generic-x86_64-with-glibc2.35,3.10.12,3.0.4,96,Intel(R) Xeon(R) Gold 5418Y,1,1 x NVIDIA L40S,11.2516,43.7825,503.5681610107422,machine,N,1.0
vgg16,cifar100,eval,8,2025-09-26T17:42:32,codecarbon,f28a8816-b61a-42a1-bb86-ddd52304d2ee,5b0fa12a-3dd7-45bb-9766-cc326314d9f1,2.3787424289621413,3.698497755466647e-05,1.5548122026310864e-05,37.17669562750001,86.70076224920194,70.0,1.908365441978904e-05,5.696337890270797e-05,3.5785336112086145e-05,0.0001118323694345,Italy,ITA,tuscany,,,Linux-5.15.0-142-generic-x86_64-with-glibc2.35,3.10.12,3.0.4,96,Intel(R) Xeon(R) Gold 5418Y,1,1 x NVIDIA L40S,11.2516,43.7825,503.5681610107422,machine,N,1.0
vgg16,cifar100,eval,9,2025-09-26T17:42:57,codecarbon,241fb027-cf88-49e3-978c-57889fda375d,5b0fa12a-3dd7-45bb-9766-cc326314d9f1,2.256907560862601,3.491362418424547e-05,1.546967398651512e-05,37.041653638,87.57716897417744,70.0,1.7734223081584926e-05,5.4488376918016e-05,3.334656824719989e-05,0.0001055691682468,Italy,ITA,tuscany,,,Linux-5.15.0-142-generic-x86_64-with-glibc2.35,3.10.12,3.0.4,96,Intel(R) Xeon(R) Gold 5418Y,1,1 x NVIDIA L40S,11.2516,43.7825,503.5681610107422,machine,N,1.0
vgg16,cifar100,eval,10,2025-09-26T17:43:23,codecarbon,94dee1e1-f7f5-4440-884b-75d0f268912e,5b0fa12a-3dd7-45bb-9766-cc326314d9f1,2.359089010860771,3.5888452854795465e-05,1.5212843894220293e-05,37.1615907475,83.3104050357801,70.0,1.886030819586988e-05,5.427476564534573e-05,3.5381707388700715e-05,0.0001085167812299,Italy,ITA,tuscany,,,Linux-5.15.0-142-generic-x86_64-with-glibc2.35,3.10.12,3.0.4,96,Intel(R) Xeon(R) Gold 5418Y,1,1 x NVIDIA L40S,11.2516,43.7825,503.5681610107422,machine,N,1.0
vgg16,cifar100,eval,11,2025-09-26T17:43:49,codecarbon,aa608714-ec6e-438b-b5a6-c2513033c372,5b0fa12a-3dd7-45bb-9766-cc326314d9f1,2.323405819013715,3.5591422505083286e-05,1.531864223366361e-05,37.0820923255,84.64929689749786,70.0,1.8501489666030066e-05,5.432948790939918e-05,3.478766581586873e-05,0.0001076186433912,Italy,ITA,tuscany,,,Linux-5.15.0-142-generic-x86_64-with-glibc2.35,3.10.12,3.0.4,96,Intel(R) Xeon(R) Gold 5418Y,1,1 x NVIDIA L40S,11.2516,43.7825,503.5681610107422,machine,N,1.0
vgg16,cifar100,eval,12,2025-09-26T17:44:15,codecarbon,4642858c-a158-45da-8712-8e6fbdfbf71c,5b0fa12a-3dd7-45bb-9766-cc326314d9f1,2.2460617288015783,3.48960226696168e-05,1.553653767487331e-05,37.04163299200001,88.12390502578188,70.0,1.767530905842525e-05,5.4562543652991735e-05,3.32780934107076e-05,0.0001055159461221,Italy,ITA,tuscany,,,Linux-5.15.0-142-generic-x86_64-with-glibc2.35,3.10.12,3.0.4,96,Intel(R) Xeon(R) Gold 5418Y,1,1 x NVIDIA L40S,11.2516,43.7825,503.5681610107422,machine,N,1.0
vgg16,cifar100,eval,13,2025-09-26T17:44:40,codecarbon,ca8996b8-3f07-4373-b16f-298c4243b5fd,5b0fa12a-3dd7-45bb-9766-cc326314d9f1,2.302466500084847,3.450470586083862e-05,1.4985975196410937e-05,37.0437683545,81.5066180024117,70.0,1.8237885203285023e-05,5.1786708098688905e-05,3.430811873921711e-05,0.0001043327120411,Italy,ITA,tuscany,,,Linux-5.15.0-142-generic-x86_64-with-glibc2.35,3.10.12,3.0.4,96,Intel(R) Xeon(R) Gold 5418Y,1,1 x NVIDIA L40S,11.2516,43.7825,503.5681610107422,machine,N,1.0
vgg16,cifar100,eval,14,2025-09-26T17:45:06,codecarbon,d3c48634-7197-4373-862f-a6994fb4ee7a,5b0fa12a-3dd7-45bb-9766-cc326314d9f1,2.339911743067205,3.5783748308568606e-05,1.5292776923997368e-05,37.076023400500006,84.44317288805647,70.0,1.863370506309232e-05,5.451837694891992e-05,3.5048101553952124e-05,0.0001082001835659,Italy,ITA,tuscany,,,Linux-5.15.0-142-generic-x86_64-with-glibc2.35,3.10.12,3.0.4,96,Intel(R) Xeon(R) Gold 5418Y,1,1 x NVIDIA L40S,11.2516,43.7825,503.5681610107422,machine,N,1.0
vgg16,cifar100,eval,15,2025-09-26T17:45:32,codecarbon,c9a110fb-b361-4441-a98f-b2c666b39773,5b0fa12a-3dd7-45bb-9766-cc326314d9f1,2.316622955258936,3.540882872134072e-05,1.5284674893236123e-05,37.05235426,84.91460907842034,70.0,1.834566907278761e-05,5.419254335237156e-05,3.452831773449564e-05,0.0001070665301596,Italy,ITA,tuscany,,,Linux-5.15.0-142-generic-x86_64-with-glibc2.35,3.10.12,3.0.4,96,Intel(R) Xeon(R) Gold 5418Y,1,1 x NVIDIA L40S,11.2516,43.7825,503.5681610107422,machine,N,1.0
vgg16,cifar100,eval,16,2025-09-26T17:45:58,codecarbon,cc3c178f-9ff8-4582-8db1-33bcf617531f,5b0fa12a-3dd7-45bb-9766-cc326314d9f1,2.393371005076915,3.706545440724237e-05,1.5486714900706007e-05,37.138293568,86.18959221333468,70.0,1.917410578576448e-05,5.690643441624843e-05,3.599516903438295e-05,0.0001120757092363,Italy,ITA,tuscany,,,Linux-5.15.0-142-generic-x86_64-with-glibc2.35,3.10.12,3.0.4,96,Intel(R) Xeon(R) Gold 5418Y,1,1 x NVIDIA L40S,11.2516,43.7825,503.5681610107422,machine,N,1.0
vgg16,cifar100,eval,17,2025-09-26T17:46:24,codecarbon,085295e9-d77d-48f9-9925-9c1314c9cf2c,5b0fa12a-3dd7-45bb-9766-cc326314d9f1,2.3232337082736194,3.569387034609453e-05,1.5363874163404086e-05,37.091888020000006,85.42558928016607,70.0,1.844783955448039e-05,5.48064327219322e-05,3.467414512480092e-05,0.0001079284174012,Italy,ITA,tuscany,,,Linux-5.15.0-142-generic-x86_64-with-glibc2.35,3.10.12,3.0.4,96,Intel(R) Xeon(R) Gold 5418Y,1,1 x NVIDIA L40S,11.2516,43.7825,503.5681610107422,machine,N,1.0
vgg16,cifar100,eval,18,2025-09-26T17:46:50,codecarbon,46c1b452-4505-4700-a2d6-5c007adbd721,5b0fa12a-3dd7-45bb-9766-cc326314d9f1,2.317414788063616,3.579142957324181e-05,1.544455043507701e-05,37.057110832,86.9811691823096,70.0,1.8312780074547523e-05,5.546809993006718e-05,3.444252958676468e-05,0.0001082234095913,Italy,ITA,tuscany,,,Linux-5.15.0-142-generic-x86_64-with-glibc2.35,3.10.12,3.0.4,96,Intel(R) Xeon(R) Gold 5418Y,1,1 x NVIDIA L40S,11.2516,43.7825,503.5681610107422,machine,N,1.0
vgg16,cifar100,eval,19,2025-09-26T17:47:16,codecarbon,3595f5f6-29fd-491e-8e7e-5dbb00f43c2a,5b0fa12a-3dd7-45bb-9766-cc326314d9f1,2.333648192230612,3.647519024405762e-05,1.5630115269942596e-05,37.0852481665,88.82564746610623,70.0,1.8498357235920893e-05,5.701893450549278e-05,3.47736214960201e-05,0.0001102909132374,Italy,ITA,tuscany,,,Linux-5.15.0-142-generic-x86_64-with-glibc2.35,3.10.12,3.0.4,96,Intel(R) Xeon(R) Gold 5418Y,1,1 x NVIDIA L40S,11.2516,43.7825,503.5681610107422,machine,N,1.0
vgg16,cifar100,eval,20,2025-09-26T17:47:41,codecarbon,43d93f02-2870-40ec-a386-4da8d2c91547,5b0fa12a-3dd7-45bb-9766-cc326314d9f1,1.91611077496782,2.8626908275532188e-05,1.4940111317944531e-05,37.000000333,85.58282345199095,70.0,1.4304928107538338e-05,4.5275313993897726e-05,2.697963149338547e-05,8.655987359482153e-05,Italy,ITA,tuscany,,,Linux-5.15.0-142-generic-x86_64-with-glibc2.35,3.10.12,3.0.4,96,Intel(R) Xeon(R) Gold 5418Y,1,1 x NVIDIA L40S,11.2516,43.7825,503.5681610107422,machine,N,1.0
vgg16,cifar100,eval,21,2025-09-26T17:48:07,codecarbon,376d6698-cd39-4cf6-ba93-5536c8eaf67a,5b0fa12a-3dd7-45bb-9766-cc326314d9f1,2.2266344726085663,3.421394641636738e-05,1.5365766962318138e-05,37.041653638,86.64342080347693,70.0,1.7427354730503663e-05,5.317420920647464e-05,3.285197175314857e-05,0.0001034535356901,Italy,ITA,tuscany,,,Linux-5.15.0-142-generic-x86_64-with-glibc2.35,3.10.12,3.0.4,96,Intel(R) Xeon(R) Gold 5418Y,1,1 x NVIDIA L40S,11.2516,43.7825,503.5681610107422,machine,N,1.0
vgg16,cifar100,eval,22,2025-09-26T17:48:32,codecarbon,08b4031f-8518-4c2f-9865-551e4c19f5aa,5b0fa12a-3dd7-45bb-9766-cc326314d9f1,2.2406421350315213,3.43676222116194e-05,1.5338291498805503e-05,37.041634157500006,86.20393117019111,70.0,1.757283409008324e-05,5.326393150539843e-05,3.308144330642083e-05,0.0001039182089019,Italy,ITA,tuscany,,,Linux-5.15.0-142-generic-x86_64-with-glibc2.35,3.10.12,3.0.4,96,Intel(R) Xeon(R) Gold 5418Y,1,1 x NVIDIA L40S,11.2516,43.7825,503.5681610107422,machine,N,1.0
vgg16,cifar100,eval,23,2025-09-26T17:48:57,codecarbon,4e2c6678-0395-4d49-8d9f-b61c9a31ca67,5b0fa12a-3dd7-45bb-9766-cc326314d9f1,2.28383595822379,3.553530078499547e-05,1.5559480380820512e-05,37.0571303125,88.11801113657175,70.0,1.802866012786437e-05,5.553254442247635e-05,3.388774224117192e-05,0.0001074489467915,Italy,ITA,tuscany,,,Linux-5.15.0-142-generic-x86_64-with-glibc2.35,3.10.12,3.0.4,96,Intel(R) Xeon(R) Gold 5418Y,1,1 x NVIDIA L40S,11.2516,43.7825,503.5681610107422,machine,N,1.0
vgg16,cifar100,eval,24,2025-09-26T17:49:23,codecarbon,3978d106-031c-48be-85b8-45a14b4712d5,5b0fa12a-3dd7-45bb-9766-cc326314d9f1,2.261903526261449,3.452030116728217e-05,1.5261615169033533e-05,37.0342062595,85.15517864492864,70.0,1.778198228436097e-05,5.315420919060898e-05,3.344367647077889e-05,0.0001043798679457,Italy,ITA,tuscany,,,Linux-5.15.0-142-generic-x86_64-with-glibc2.35,3.10.12,3.0.4,96,Intel(R) Xeon(R) Gold 5418Y,1,1 x NVIDIA L40S,11.2516,43.7825,503.5681610107422,machine,N,1.0
vgg16,cifar100,eval,25,2025-09-26T17:49:49,codecarbon,0260e6ed-9b25-4c79-a6a2-0eaabd94a870,5b0fa12a-3dd7-45bb-9766-cc326314d9f1,2.2584938891232014,3.445042064140068e-05,1.5253714348005215e-05,37.032490643500005,85.17865685889733,70.0,1.774917569972824e-05,5.302865353229436e-05,3.339073928073049e-05,0.0001041685685127,Italy,ITA,tuscany,,,Linux-5.15.0-142-generic-x86_64-with-glibc2.35,3.10.12,3.0.4,96,Intel(R) Xeon(R) Gold 5418Y,1,1 x NVIDIA L40S,11.2516,43.7825,503.5681610107422,machine,N,1.0
vgg16,cifar100,eval,26,2025-09-26T17:50:14,codecarbon,3e318ad7-2cf4-4bf6-a718-a883fbfc8d87,5b0fa12a-3dd7-45bb-9766-cc326314d9f1,2.283868373837322,3.4728714115741675e-05,1.5206092659968404e-05,37.006554772,84.364086838576,70.0,1.800475144845717e-05,5.310643137335092e-05,3.389886838720284e-05,0.000105010051209,Italy,ITA,tuscany,,,Linux-5.15.0-142-generic-x86_64-with-glibc2.35,3.10.12,3.0.4,96,Intel(R) Xeon(R) Gold 5418Y,1,1 x NVIDIA L40S,11.2516,43.7825,503.5681610107422,machine,N,1.0
vgg16,cifar100,eval,27,2025-09-26T17:50:40,codecarbon,356aa39f-0b4c-4b40-ab5c-c38254df147f,5b0fa12a-3dd7-45bb-9766-cc326314d9f1,2.260207949206233,3.538825378516412e-05,1.565707872038597e-05,37.030834801,89.95241636966708,70.0,1.771586076168812e-05,5.596893365122924e-05,3.3319522815549544e-05,0.0001070043172284,Italy,ITA,tuscany,,,Linux-5.15.0-142-generic-x86_64-with-glibc2.35,3.10.12,3.0.4,96,Intel(R) Xeon(R) Gold 5418Y,1,1 x NVIDIA L40S,11.2516,43.7825,503.5681610107422,machine,N,1.0
vgg16,cifar100,eval,28,2025-09-26T17:51:05,codecarbon,ee4f44e0-e0d2-4ead-ada3-8f93fdef3e9f,5b0fa12a-3dd7-45bb-9766-cc326314d9f1,1.914359230082482,2.8598652687570816e-05,1.4939020972745336e-05,37.000000333,85.64351003109302,70.0,1.4264475580938726e-05,4.529364733940611e-05,2.6916313571079327e-05,8.647443649142415e-05,Italy,ITA,tuscany,,,Linux-5.15.0-142-generic-x86_64-with-glibc2.35,3.10.12,3.0.4,96,Intel(R) Xeon(R) Gold 5418Y,1,1 x NVIDIA L40S,11.2516,43.7825,503.5681610107422,machine,N,1.0
vgg16,cifar100,eval,29,2025-09-26T17:51:31,codecarbon,354b911e-f99e-4899-841e-04ba000b6f93,5b0fa12a-3dd7-45bb-9766-cc326314d9f1,2.16431680507958,3.2456012332303854e-05,1.4995961892515308e-05,37.00406210050001,83.50136476918581,70.0,1.6754529675980833e-05,4.981337318099577e-05,3.1570125107343e-05,9.81380279643196e-05,Italy,ITA,tuscany,,,Linux-5.15.0-142-generic-x86_64-with-glibc2.35,3.10.12,3.0.4,96,Intel(R) Xeon(R) Gold 5418Y,1,1 x NVIDIA L40S,11.2516,43.7825,503.5681610107422,machine,N,1.0
vgg16,cifar100,eval,30,2025-09-26T17:51:56,codecarbon,c1f7f8a2-a920-42a8-b930-1256d016bf2f,5b0fa12a-3dd7-45bb-9766-cc326314d9f1,2.268036413937807,3.5294309646196885e-05,1.5561615073418618e-05,37.039717576,89.10119309817853,70.0,1.7777613816979147e-05,5.552782219808705e-05,3.341482005263162e-05,0.0001067202560676,Italy,ITA,tuscany,,,Linux-5.15.0-142-generic-x86_64-with-glibc2.35,3.10.12,3.0.4,96,Intel(R) Xeon(R) Gold 5418Y,1,1 x NVIDIA L40S,11.2516,43.7825,503.5681610107422,machine,N,1.0
vgg16,cifar100,train,1,2025-09-26T17:39:21,codecarbon,c387d546-ed5d-4685-aeba-48e086b0b63b,5b0fa12a-3dd7-45bb-9766-cc326314d9f1,18.233307014219463,0.0004657851645001,2.554584114318632e-05,0.0,0.0,70.0,0.0001822342653279,0.0005803018531338,0.0006458697273046,0.0014084058457664,Italy,ITA,tuscany,,,Linux-5.15.0-142-generic-x86_64-with-glibc2.35,3.10.12,3.0.4,96,Intel(R) Xeon(R) Gold 5418Y,1,1 x NVIDIA L40S,11.2516,43.7825,503.5681610107422,machine,N,1.0
vgg16,cifar100,train,2,2025-09-26T17:39:48,codecarbon,e2a202b3-9f07-4fd2-aadd-5874778ba32d,5b0fa12a-3dd7-45bb-9766-cc326314d9f1,14.233515691012144,0.0003050222567593,2.142986057562462e-05,37.05958673457144,130.26667179041513,70.0,0.0001411497385569,0.0005146262450352,0.000266527177286,0.0009223031608783,Italy,ITA,tuscany,,,Linux-5.15.0-142-generic-x86_64-with-glibc2.35,3.10.12,3.0.4,96,Intel(R) Xeon(R) Gold 5418Y,1,1 x NVIDIA L40S,11.2516,43.7825,503.5681610107422,machine,N,1.0
vgg16,cifar100,train,3,2025-09-26T17:40:14,codecarbon,464e9467-b78a-4c07-b7c0-64337b9e69ba,5b0fa12a-3dd7-45bb-9766-cc326314d9f1,14.170019074808806,0.0003051142848728,2.1532383496596004e-05,37.09863735914286,131.40712999863246,70.0,0.0001405934282797,0.0005167770800866,0.0002652109201402,0.0009225814285066,Italy,ITA,tuscany,,,Linux-5.15.0-142-generic-x86_64-with-glibc2.35,3.10.12,3.0.4,96,Intel(R) Xeon(R) Gold 5418Y,1,1 x NVIDIA L40S,11.2516,43.7825,503.5681610107422,machine,N,1.0
vgg16,cifar100,train,4,2025-09-26T17:40:41,codecarbon,1e832dd1-7fba-40d2-a124-5d8c25e2d555,5b0fa12a-3dd7-45bb-9766-cc326314d9f1,14.342724080663174,0.0003082089903482,2.148887398341422e-05,37.06569657099999,130.9263715944791,70.0,0.0001422353463346,0.0005211559724784,0.0002685476453444,0.0009319389641575,Italy,ITA,tuscany,,,Linux-5.15.0-142-generic-x86_64-with-glibc2.35,3.10.12,3.0.4,96,Intel(R) Xeon(R) Gold 5418Y,1,1 x NVIDIA L40S,11.2516,43.7825,503.5681610107422,machine,N,1.0
vgg16,cifar100,train,5,2025-09-26T17:41:07,codecarbon,42ffda9b-15b1-42c7-bb64-df604ebd24b5,5b0fa12a-3dd7-45bb-9766-cc326314d9f1,14.003040998708457,0.0003023418957871,2.159115979272363e-05,37.06371960123078,132.04133294706816,70.0,0.0001388209508081,0.000513283188404,0.0002620943494917,0.0009141984887038,Italy,ITA,tuscany,,,Linux-5.15.0-142-generic-x86_64-with-glibc2.35,3.10.12,3.0.4,96,Intel(R) Xeon(R) Gold 5418Y,1,1 x NVIDIA L40S,11.2516,43.7825,503.5681610107422,machine,N,1.0
vgg16,cifar100,train,6,2025-09-26T17:41:33,codecarbon,7c4b2eec-8786-4844-b32e-0f14b8c724ad,5b0fa12a-3dd7-45bb-9766-cc326314d9f1,13.915898892097175,0.0003011195535009,2.163852697089829e-05,37.06218196092308,132.67863281798844,70.0,0.0001378720824446,0.0005123592987814,0.0002602710816,0.0009105024628261,Italy,ITA,tuscany,,,Linux-5.15.0-142-generic-x86_64-with-glibc2.35,3.10.12,3.0.4,96,Intel(R) Xeon(R) Gold 5418Y,1,1 x NVIDIA L40S,11.2516,43.7825,503.5681610107422,machine,N,1.0
vgg16,cifar100,train,7,2025-09-26T17:41:59,codecarbon,cc056fe4-dda6-442f-9614-b80873300b26,5b0fa12a-3dd7-45bb-9766-cc326314d9f1,13.951756698079407,0.0003012638149205,2.1593253196709765e-05,37.04330475446154,132.14575321660084,70.0,0.0001381886931982,0.000511721520489,0.0002610284558756,0.0009109386695629,Italy,ITA,tuscany,,,Linux-5.15.0-142-generic-x86_64-with-glibc2.35,3.10.12,3.0.4,96,Intel(R) Xeon(R) Gold 5418Y,1,1 x NVIDIA L40S,11.2516,43.7825,503.5681610107422,machine,N,1.0
vgg16,cifar100,train,8,2025-09-26T17:42:25,codecarbon,b784f130-f21c-493a-8736-2ae845124b48,5b0fa12a-3dd7-45bb-9766-cc326314d9f1,14.015502695925534,0.0003028173887825,2.1605888518756783e-05,37.058653749076925,132.2755562710296,70.0,0.0001388715902211,0.0005145326338436,0.0002622320242872,0.000915636248352,Italy,ITA,tuscany,,,Linux-5.15.0-142-generic-x86_64-with-glibc2.35,3.10.12,3.0.4,96,Intel(R) Xeon(R) Gold 5418Y,1,1 x NVIDIA L40S,11.2516,43.7825,503.5681610107422,machine,N,1.0
vgg16,cifar100,train,9,2025-09-26T17:42:50,codecarbon,627af6b6-666b-4f33-8a07-7fa3102b9f64,5b0fa12a-3dd7-45bb-9766-cc326314d9f1,13.911386268679053,0.0003005384520805,2.160377451075531e-05,37.03210447876923,132.24706905531477,70.0,0.0001377638942561,0.0005106587418524,0.0002603227363252,0.0009087453724337,Italy,ITA,tuscany,,,Linux-5.15.0-142-generic-x86_64-with-glibc2.35,3.10.12,3.0.4,96,Intel(R) Xeon(R) Gold 5418Y,1,1 x NVIDIA L40S,11.2516,43.7825,503.5681610107422,machine,N,1.0
vgg16,cifar100,train,10,2025-09-26T17:43:16,codecarbon,8059c6a0-1007-419c-b0f1-c206e372b60c,5b0fa12a-3dd7-45bb-9766-cc326314d9f1,14.036322119645774,0.0003039270330629,2.165289671128072e-05,37.06075771992308,132.72499709613965,70.0,0.0001391291745614,0.0005171445803853,0.0002627177516024,0.0009189915065492,Italy,ITA,tuscany,,,Linux-5.15.0-142-generic-x86_64-with-glibc2.35,3.10.12,3.0.4,96,Intel(R) Xeon(R) Gold 5418Y,1,1 x NVIDIA L40S,11.2516,43.7825,503.5681610107422,machine,N,1.0
vgg16,cifar100,train,11,2025-09-26T17:43:42,codecarbon,0d97454a-8f4a-4a2e-9fb9-68502afab295,5b0fa12a-3dd7-45bb-9766-cc326314d9f1,13.866579419001935,0.0003006064413805,2.1678485536857432e-05,37.06420178523077,133.0278968068741,70.0,0.0001374337108593,0.0005120454096356,0.0002594718328263,0.0009089509533213,Italy,ITA,tuscany,,,Linux-5.15.0-142-generic-x86_64-with-glibc2.35,3.10.12,3.0.4,96,Intel(R) Xeon(R) Gold 5418Y,1,1 x NVIDIA L40S,11.2516,43.7825,503.5681610107422,machine,N,1.0
vgg16,cifar100,train,12,2025-09-26T17:44:08,codecarbon,daa63b5e-6bf7-4e2d-a476-19adc82d6563,5b0fa12a-3dd7-45bb-9766-cc326314d9f1,13.823148305062205,0.0002994032277288,2.165955404089496e-05,37.05281777038461,132.82942168313443,70.0,0.0001369508577905,0.0005097123522119,0.0002586495571549,0.0009053127671575,Italy,ITA,tuscany,,,Linux-5.15.0-142-generic-x86_64-with-glibc2.35,3.10.12,3.0.4,96,Intel(R) Xeon(R) Gold 5418Y,1,1 x NVIDIA L40S,11.2516,43.7825,503.5681610107422,machine,N,1.0
vgg16,cifar100,train,13,2025-09-26T17:44:33,codecarbon,0d78cc3b-b1a5-4868-b572-514d6d14860e,5b0fa12a-3dd7-45bb-9766-cc326314d9f1,13.903972934931517,0.0003012274940761,2.166485043417817e-05,37.05856763015385,132.96372616765808,70.0,0.0001377152875228,0.0005131198549364,0.0002599937028898,0.000910828845349,Italy,ITA,tuscany,,,Linux-5.15.0-142-generic-x86_64-with-glibc2.35,3.10.12,3.0.4,96,Intel(R) Xeon(R) Gold 5418Y,1,1 x NVIDIA L40S,11.2516,43.7825,503.5681610107422,machine,N,1.0
vgg16,cifar100,train,14,2025-09-26T17:44:59,codecarbon,38d10ff0-50d4-4ff5-b3c7-adca4d1dde81,5b0fa12a-3dd7-45bb-9766-cc326314d9f1,14.005713847000152,0.0003029909368606,2.163338050245156e-05,37.05791041623077,132.61585867575582,70.0,0.0001387364207477,0.0005154995790732,0.0002619250100442,0.0009161610098652,Italy,ITA,tuscany,,,Linux-5.15.0-142-generic-x86_64-with-glibc2.35,3.10.12,3.0.4,96,Intel(R) Xeon(R) Gold 5418Y,1,1 x NVIDIA L40S,11.2516,43.7825,503.5681610107422,machine,N,1.0
vgg16,cifar100,train,15,2025-09-26T17:45:25,codecarbon,fbf58407-000d-4bbc-a807-6da22b876a2a,5b0fa12a-3dd7-45bb-9766-cc326314d9f1,13.743698314763606,0.0002988017879834,2.174100312304392e-05,37.06202468246155,133.76142801284803,70.0,0.0001361430662322,0.0005103012415759,0.0002570498714727,0.0009034941792809,Italy,ITA,tuscany,,,Linux-5.15.0-142-generic-x86_64-with-glibc2.35,3.10.12,3.0.4,96,Intel(R) Xeon(R) Gold 5418Y,1,1 x NVIDIA L40S,11.2516,43.7825,503.5681610107422,machine,N,1.0
vgg16,cifar100,train,16,2025-09-26T17:45:51,codecarbon,a34b7d28-915d-46f7-bb7b-fcac63a68265,5b0fa12a-3dd7-45bb-9766-cc326314d9f1,14.232448416762054,0.0003069147953591,2.156444108363661e-05,37.04906257878571,131.66943146430702,70.0,0.000141153705947,0.0005202337495191,0.0002666382200614,0.0009280256755276,Italy,ITA,tuscany,,,Linux-5.15.0-142-generic-x86_64-with-glibc2.35,3.10.12,3.0.4,96,Intel(R) Xeon(R) Gold 5418Y,1,1 x NVIDIA L40S,11.2516,43.7825,503.5681610107422,machine,N,1.0
vgg16,cifar100,train,17,2025-09-26T17:46:17,codecarbon,df8576bf-7ae2-4651-95cc-2f1349a0110e,5b0fa12a-3dd7-45bb-9766-cc326314d9f1,13.999435481615365,0.0003031004835147,2.1650907560720573e-05,37.0555965273077,132.666691023244,70.0,0.0001387857797554,0.0005155981902618,0.0002621082787104,0.0009164922487276,Italy,ITA,tuscany,,,Linux-5.15.0-142-generic-x86_64-with-glibc2.35,3.10.12,3.0.4,96,Intel(R) Xeon(R) Gold 5418Y,1,1 x NVIDIA L40S,11.2516,43.7825,503.5681610107422,machine,N,1.0
vgg16,cifar100,train,18,2025-09-26T17:46:43,codecarbon,6abb2417-4218-4541-9124-893b36f59397,5b0fa12a-3dd7-45bb-9766-cc326314d9f1,13.873693914152682,0.0003016428503017,2.1742071878494624e-05,37.04938251676924,133.8886497231755,70.0,0.0001373557822699,0.0005153381900555,0.0002593907956693,0.0009120847679949,Italy,ITA,tuscany,,,Linux-5.15.0-142-generic-x86_64-with-glibc2.35,3.10.12,3.0.4,96,Intel(R) Xeon(R) Gold 5418Y,1,1 x NVIDIA L40S,11.2516,43.7825,503.5681610107422,machine,N,1.0
vgg16,cifar100,train,19,2025-09-26T17:47:09,codecarbon,f394a1ae-3cae-4738-b446-0d4345813eac,5b0fa12a-3dd7-45bb-9766-cc326314d9f1,13.966503266245129,0.0003036613755896,2.174211896857293e-05,37.034596906923085,133.70120875449285,70.0,0.0001383616286175,0.0005183840258169,0.0002614425771999,0.0009181882316343,Italy,ITA,tuscany,,,Linux-5.15.0-142-generic-x86_64-with-glibc2.35,3.10.12,3.0.4,96,Intel(R) Xeon(R) Gold 5418Y,1,1 x NVIDIA L40S,11.2516,43.7825,503.5681610107422,machine,N,1.0
vgg16,cifar100,train,20,2025-09-26T17:47:34,codecarbon,99a83428-f77e-4575-8992-40c7821763cf,5b0fa12a-3dd7-45bb-9766-cc326314d9f1,13.806668813806027,0.0003005196088687,2.176626476100274e-05,37.07047015161539,134.22226021704603,70.0,0.0001366943128683,0.0005139731889514,0.0002580208939396,0.0009086883957594,Italy,ITA,tuscany,,,Linux-5.15.0-142-generic-x86_64-with-glibc2.35,3.10.12,3.0.4,96,Intel(R) Xeon(R) Gold 5418Y,1,1 x NVIDIA L40S,11.2516,43.7825,503.5681610107422,machine,N,1.0
vgg16,cifar100,train,21,2025-09-26T17:48:00,codecarbon,7e72116a-d1ec-440b-a81b-98737a4d80d8,5b0fa12a-3dd7-45bb-9766-cc326314d9f1,13.645547618158162,0.0002975324896396,2.180436417544273e-05,37.05556166476922,134.60216289207713,70.0,0.0001350447264818,0.0005096262410333,0.0002549852037233,0.0008996561712385,Italy,ITA,tuscany,,,Linux-5.15.0-142-generic-x86_64-with-glibc2.35,3.10.12,3.0.4,96,Intel(R) Xeon(R) Gold 5418Y,1,1 x NVIDIA L40S,11.2516,43.7825,503.5681610107422,machine,N,1.0
vgg16,cifar100,train,22,2025-09-26T17:48:25,codecarbon,6adac2a0-1148-45cf-b34a-20db3ff76d90,5b0fa12a-3dd7-45bb-9766-cc326314d9f1,13.560968639794735,0.0002966304543702,2.187383971228607e-05,37.04877474053846,135.37022079212366,70.0,0.0001341356622174,0.0005094301297674,0.0002533628734346,0.0008969286654195,Italy,ITA,tuscany,,,Linux-5.15.0-142-generic-x86_64-with-glibc2.35,3.10.12,3.0.4,96,Intel(R) Xeon(R) Gold 5418Y,1,1 x NVIDIA L40S,11.2516,43.7825,503.5681610107422,machine,N,1.0
vgg16,cifar100,train,23,2025-09-26T17:48:50,codecarbon,01b884d9-47ae-40d9-8e14-ccf85245825c,5b0fa12a-3dd7-45bb-9766-cc326314d9f1,13.638276228681208,0.0002977264340291,2.1830209994062293e-05,37.05101752115385,134.75465932195283,70.0,0.0001350356584891,0.0005101840192551,0.0002550229278263,0.0009002426055707,Italy,ITA,tuscany,,,Linux-5.15.0-142-generic-x86_64-with-glibc2.35,3.10.12,3.0.4,96,Intel(R) Xeon(R) Gold 5418Y,1,1 x NVIDIA L40S,11.2516,43.7825,503.5681610107422,machine,N,1.0
vgg16,cifar100,train,24,2025-09-26T17:49:16,codecarbon,1cd66547-0954-4397-80db-accaf2055e3f,5b0fa12a-3dd7-45bb-9766-cc326314d9f1,13.781408802140504,0.000300296809406,2.178999358609627e-05,37.06237571569231,134.23739361663095,70.0,0.0001365661464686,0.0005135976331018,0.000257850932075,0.0009080147116456,Italy,ITA,tuscany,,,Linux-5.15.0-142-generic-x86_64-with-glibc2.35,3.10.12,3.0.4,96,Intel(R) Xeon(R) Gold 5418Y,1,1 x NVIDIA L40S,11.2516,43.7825,503.5681610107422,machine,N,1.0
vgg16,cifar100,train,25,2025-09-26T17:49:42,codecarbon,f0d55bfe-f452-448f-8c09-24ccc1890a84,5b0fa12a-3dd7-45bb-9766-cc326314d9f1,13.860895812977104,0.0003018408860923,2.1776434233767084e-05,37.06062272684616,134.24911156244818,70.0,0.0001372491898742,0.000516310690827,0.0002591236928943,0.0009126835735956,Italy,ITA,tuscany,,,Linux-5.15.0-142-generic-x86_64-with-glibc2.35,3.10.12,3.0.4,96,Intel(R) Xeon(R) Gold 5418Y,1,1 x NVIDIA L40S,11.2516,43.7825,503.5681610107422,machine,N,1.0
vgg16,cifar100,train,26,2025-09-26T17:50:07,codecarbon,7de745af-7e70-45b6-a8bd-704477287040,5b0fa12a-3dd7-45bb-9766-cc326314d9f1,13.574418854899704,0.000296298894433,2.1827740664277336e-05,37.060878727,134.91749156022456,70.0,0.0001342883224963,0.0005080662397816,0.0002535715573557,0.0008959261196337,Italy,ITA,tuscany,,,Linux-5.15.0-142-generic-x86_64-with-glibc2.35,3.10.12,3.0.4,96,Intel(R) Xeon(R) Gold 5418Y,1,1 x NVIDIA L40S,11.2516,43.7825,503.5681610107422,machine,N,1.0
vgg16,cifar100,train,27,2025-09-26T17:50:33,codecarbon,0def143a-660f-450b-8f6f-23c4975359a2,5b0fa12a-3dd7-45bb-9766-cc326314d9f1,13.87849846109748,0.0003015563642113,2.172831340916473e-05,37.049214915307694,133.64330834062037,70.0,0.0001374609316929,0.0005147809673715,0.000259581358851,0.0009118232579156,Italy,ITA,tuscany,,,Linux-5.15.0-142-generic-x86_64-with-glibc2.35,3.10.12,3.0.4,96,Intel(R) Xeon(R) Gold 5418Y,1,1 x NVIDIA L40S,11.2516,43.7825,503.5681610107422,machine,N,1.0
vgg16,cifar100,train,28,2025-09-26T17:50:59,codecarbon,381f5da1-4d8f-4839-a126-37b076e6b243,5b0fa12a-3dd7-45bb-9766-cc326314d9f1,13.683638689108191,0.0002981666095682,2.179000895467921e-05,37.05555362153847,134.40550568439613,70.0,0.00013544850195,0.0005103948527676,0.0002557302202563,0.000901573574974,Italy,ITA,tuscany,,,Linux-5.15.0-142-generic-x86_64-with-glibc2.35,3.10.12,3.0.4,96,Intel(R) Xeon(R) Gold 5418Y,1,1 x NVIDIA L40S,11.2516,43.7825,503.5681610107422,machine,N,1.0
vgg16,cifar100,train,29,2025-09-26T17:51:24,codecarbon,a7f7d795-660a-4236-9876-2a28552bba10,5b0fa12a-3dd7-45bb-9766-cc326314d9f1,13.82185022905469,0.0003009742585691,2.177525103957958e-05,37.05335285015385,134.2073007502477,70.0,0.0001368495640025,0.0005148023562853,0.0002584112107456,0.0009100631310334,Italy,ITA,tuscany,,,Linux-5.15.0-142-generic-x86_64-with-glibc2.35,3.10.12,3.0.4,96,Intel(R) Xeon(R) Gold 5418Y,1,1 x NVIDIA L40S,11.2516,43.7825,503.5681610107422,machine,N,1.0
vgg16,cifar100,train,30,2025-09-26T17:51:49,codecarbon,a4089b12-bac8-4a5c-a736-12e7f5134251,5b0fa12a-3dd7-45bb-9766-cc326314d9f1,13.671900073066354,0.000297986503795,2.179554430639009e-05,37.05765656776924,134.41724546226112,70.0,0.000135355988656,0.0005100837413962,0.0002555892547476,0.0009010289847999,Italy,ITA,tuscany,,,Linux-5.15.0-142-generic-x86_64-with-glibc2.35,3.10.12,3.0.4,96,Intel(R) Xeon(R) Gold 5418Y,1,1 x NVIDIA L40S,11.2516,43.7825,503.5681610107422,machine,N,1.0
