model,dataset,phase,a,b,median_a_J,median_b_J,p_raw,p_holm,significant,cliffs_delta,magnitude
resnet18,cifar100,Inference,Cpp/LibTorch,Java/DL4J,2175.8,16375.0,0.007936507936507936,0.16666666666666666,False,-1.0,large
resnet18,cifar100,Inference,Cpp/LibTorch,Python/JAX,2175.8,1816.3,0.007936507936507936,0.16666666666666666,False,1.0,large
resnet18,cifar100,Inference,Cpp/LibTorch,Python/PyTorch,2175.8,6212.2,0.007936507936507936,0.16666666666666666,False,-1.0,large
resnet18,cifar100,Inference,Cpp/LibTorch,Python/TensorFlow,2175.8,1953.4,0.007936507936507936,0.16666666666666666,False,1.0,large
resnet18,cifar100,Inference,Cpp/LibTorch,R/torch,2175.8,64888.0,0.007936507936507936,0.16666666666666666,False,-1.0,large
resnet18,cifar100,Inference,Cpp/LibTorch,Rust/tch,2175.8,3030.5,0.007936507936507936,0.16666666666666666,False,-1.0,large
resnet18,cifar100,Inference,Java/DL4J,Python/JAX,16375.0,1816.3,0.007936507936507936,0.16666666666666666,False,1.0,large
resnet18,cifar100,Inference,Java/DL4J,Python/PyTorch,16375.0,6212.2,0.007936507936507936,0.16666666666666666,False,1.0,large
resnet18,cifar100,Inference,Java/DL4J,Python/TensorFlow,16375.0,1953.4,0.007936507936507936,0.16666666666666666,False,1.0,large
resnet18,cifar100,Inference,Java/DL4J,R/torch,16375.0,64888.0,0.007936507936507936,0.16666666666666666,False,-1.0,large
resnet18,cifar100,Inference,Java/DL4J,Rust/tch,16375.0,3030.5,0.007936507936507936,0.16666666666666666,False,1.0,large
resnet18,cifar100,Inference,Python/JAX,Python/PyTorch,1816.3,6212.2,0.007936507936507936,0.16666666666666666,False,-1.0,large
resnet18,cifar100,Inference,Python/JAX,Python/TensorFlow,1816.3,1953.4,0.007936507936507936,0.16666666666666666,False,-1.0,large
resnet18,cifar100,Inference,Python/JAX,R/torch,1816.3,64888.0,0.007936507936507936,0.16666666666666666,False,-1.0,large
resnet18,cifar100,Inference,Python/JAX,Rust/tch,1816.3,3030.5,0.007936507936507936,0.16666666666666666,False,-1.0,large
resnet18,cifar100,Inference,Python/PyTorch,Python/TensorFlow,6212.2,1953.4,0.007936507936507936,0.16666666666666666,False,1.0,large
resnet18,cifar100,Inference,Python/PyTorch,R/torch,6212.2,64888.0,0.007936507936507936,0.16666666666666666,False,-1.0,large
resnet18,cifar100,Inference,Python/PyTorch,Rust/tch,6212.2,3030.5,0.007936507936507936,0.16666666666666666,False,1.0,large
resnet18,cifar100,Inference,Python/TensorFlow,R/torch,1953.4,64888.0,0.007936507936507936,0.16666666666666666,False,-1.0,large
resnet18,cifar100,Inference,Python/TensorFlow,Rust/tch,1953.4,3030.5,0.007936507936507936,0.16666666666666666,False,-1.0,large
resnet18,cifar100,Inference,R/torch,Rust/tch,64888.0,3030.5,0.007936507936507936,0.16666666666666666,False,1.0,large
resnet18,cifar100,Training,Cpp/LibTorch,Java/DL4J,27266.3,249988.2,0.007936507936507936,0.16666666666666666,False,-1.0,large
resnet18,cifar100,Training,Cpp/LibTorch,Python/JAX,27266.3,17492.6,0.007936507936507936,0.16666666666666666,False,1.0,large
resnet18,cifar100,Training,Cpp/LibTorch,Python/PyTorch,27266.3,101651.3,0.007936507936507936,0.16666666666666666,False,-1.0,large
resnet18,cifar100,Training,Cpp/LibTorch,Python/TensorFlow,27266.3,27780.1,0.007936507936507936,0.16666666666666666,False,-1.0,large
resnet18,cifar100,Training,Cpp/LibTorch,R/torch,27266.3,260338.1,0.007936507936507936,0.16666666666666666,False,-1.0,large
resnet18,cifar100,Training,Cpp/LibTorch,Rust/tch,27266.3,36104.8,0.007936507936507936,0.16666666666666666,False,-1.0,large
resnet18,cifar100,Training,Java/DL4J,Python/JAX,249988.2,17492.6,0.007936507936507936,0.16666666666666666,False,1.0,large
resnet18,cifar100,Training,Java/DL4J,Python/PyTorch,249988.2,101651.3,0.007936507936507936,0.16666666666666666,False,1.0,large
resnet18,cifar100,Training,Java/DL4J,Python/TensorFlow,249988.2,27780.1,0.007936507936507936,0.16666666666666666,False,1.0,large
resnet18,cifar100,Training,Java/DL4J,R/torch,249988.2,260338.1,0.007936507936507936,0.16666666666666666,False,-1.0,large
resnet18,cifar100,Training,Java/DL4J,Rust/tch,249988.2,36104.8,0.007936507936507936,0.16666666666666666,False,1.0,large
resnet18,cifar100,Training,Python/JAX,Python/PyTorch,17492.6,101651.3,0.007936507936507936,0.16666666666666666,False,-1.0,large
resnet18,cifar100,Training,Python/JAX,Python/TensorFlow,17492.6,27780.1,0.007936507936507936,0.16666666666666666,False,-1.0,large
resnet18,cifar100,Training,Python/JAX,R/torch,17492.6,260338.1,0.007936507936507936,0.16666666666666666,False,-1.0,large
resnet18,cifar100,Training,Python/JAX,Rust/tch,17492.6,36104.8,0.007936507936507936,0.16666666666666666,False,-1.0,large
resnet18,cifar100,Training,Python/PyTorch,Python/TensorFlow,101651.3,27780.1,0.007936507936507936,0.16666666666666666,False,1.0,large
resnet18,cifar100,Training,Python/PyTorch,R/torch,101651.3,260338.1,0.007936507936507936,0.16666666666666666,False,-1.0,large
resnet18,cifar100,Training,Python/PyTorch,Rust/tch,101651.3,36104.8,0.007936507936507936,0.16666666666666666,False,1.0,large
resnet18,cifar100,Training,Python/TensorFlow,R/torch,27780.1,260338.1,0.007936507936507936,0.16666666666666666,False,-1.0,large
resnet18,cifar100,Training,Python/TensorFlow,Rust/tch,27780.1,36104.8,0.007936507936507936,0.16666666666666666,False,-1.0,large
resnet18,cifar100,Training,R/torch,Rust/tch,260338.1,36104.8,0.007936507936507936,0.16666666666666666,False,1.0,large
resnet18,fashionmnist,Inference,Cpp/LibTorch,Java/DL4J,1528.3,16249.4,0.007936507936507936,0.11904761904761904,False,-1.0,large
resnet18,fashionmnist,Inference,Cpp/LibTorch,Python/JAX,1528.3,1330.6,0.007936507936507936,0.11904761904761904,False,1.0,large
resnet18,fashionmnist,Inference,Cpp/LibTorch,Python/PyTorch,1528.3,7367.3,0.007936507936507936,0.11904761904761904,False,-1.0,large
resnet18,fashionmnist,Inference,Cpp/LibTorch,Python/TensorFlow,1528.3,1541.6,0.42063492063492064,0.42063492063492064,False,-0.36,medium
resnet18,fashionmnist,Inference,Cpp/LibTorch,R/torch,1528.3,72277.9,0.007936507936507936,0.11904761904761904,False,-1.0,large
resnet18,fashionmnist,Inference,Java/DL4J,Python/JAX,16249.4,1330.6,0.007936507936507936,0.11904761904761904,False,1.0,large
resnet18,fashionmnist,Inference,Java/DL4J,Python/PyTorch,16249.4,7367.3,0.007936507936507936,0.11904761904761904,False,1.0,large
resnet18,fashionmnist,Inference,Java/DL4J,Python/TensorFlow,16249.4,1541.6,0.007936507936507936,0.11904761904761904,False,1.0,large
resnet18,fashionmnist,Inference,Java/DL4J,R/torch,16249.4,72277.9,0.007936507936507936,0.11904761904761904,False,-1.0,large
resnet18,fashionmnist,Inference,Python/JAX,Python/PyTorch,1330.6,7367.3,0.007936507936507936,0.11904761904761904,False,-1.0,large
resnet18,fashionmnist,Inference,Python/JAX,Python/TensorFlow,1330.6,1541.6,0.007936507936507936,0.11904761904761904,False,-1.0,large
resnet18,fashionmnist,Inference,Python/JAX,R/torch,1330.6,72277.9,0.007936507936507936,0.11904761904761904,False,-1.0,large
resnet18,fashionmnist,Inference,Python/PyTorch,Python/TensorFlow,7367.3,1541.6,0.007936507936507936,0.11904761904761904,False,1.0,large
resnet18,fashionmnist,Inference,Python/PyTorch,R/torch,7367.3,72277.9,0.007936507936507936,0.11904761904761904,False,-1.0,large
resnet18,fashionmnist,Inference,Python/TensorFlow,R/torch,1541.6,72277.9,0.007936507936507936,0.11904761904761904,False,-1.0,large
resnet18,fashionmnist,Training,Cpp/LibTorch,Java/DL4J,32387.1,299225.2,0.007936507936507936,0.11904761904761904,False,-1.0,large
resnet18,fashionmnist,Training,Cpp/LibTorch,Python/JAX,32387.1,19169.6,0.007936507936507936,0.11904761904761904,False,1.0,large
resnet18,fashionmnist,Training,Cpp/LibTorch,Python/PyTorch,32387.1,122621.8,0.007936507936507936,0.11904761904761904,False,-1.0,large
resnet18,fashionmnist,Training,Cpp/LibTorch,Python/TensorFlow,32387.1,32970.1,0.031746031746031744,0.11904761904761904,False,-0.84,large
resnet18,fashionmnist,Training,Cpp/LibTorch,R/torch,32387.1,351167.3,0.007936507936507936,0.11904761904761904,False,-1.0,large
resnet18,fashionmnist,Training,Java/DL4J,Python/JAX,299225.2,19169.6,0.007936507936507936,0.11904761904761904,False,1.0,large
resnet18,fashionmnist,Training,Java/DL4J,Python/PyTorch,299225.2,122621.8,0.007936507936507936,0.11904761904761904,False,1.0,large
resnet18,fashionmnist,Training,Java/DL4J,Python/TensorFlow,299225.2,32970.1,0.007936507936507936,0.11904761904761904,False,1.0,large
resnet18,fashionmnist,Training,Java/DL4J,R/torch,299225.2,351167.3,0.007936507936507936,0.11904761904761904,False,-1.0,large
resnet18,fashionmnist,Training,Python/JAX,Python/PyTorch,19169.6,122621.8,0.007936507936507936,0.11904761904761904,False,-1.0,large
resnet18,fashionmnist,Training,Python/JAX,Python/TensorFlow,19169.6,32970.1,0.007936507936507936,0.11904761904761904,False,-1.0,large
resnet18,fashionmnist,Training,Python/JAX,R/torch,19169.6,351167.3,0.007936507936507936,0.11904761904761904,False,-1.0,large
resnet18,fashionmnist,Training,Python/PyTorch,Python/TensorFlow,122621.8,32970.1,0.007936507936507936,0.11904761904761904,False,1.0,large
resnet18,fashionmnist,Training,Python/PyTorch,R/torch,122621.8,351167.3,0.007936507936507936,0.11904761904761904,False,-1.0,large
resnet18,fashionmnist,Training,Python/TensorFlow,R/torch,32970.1,351167.3,0.007936507936507936,0.11904761904761904,False,-1.0,large
resnet18,tinyimagenet,Inference,Cpp/LibTorch,Java/DL4J,4084.3,17119.2,0.007936507936507936,0.11904761904761904,False,-1.0,large
resnet18,tinyimagenet,Inference,Cpp/LibTorch,Python/JAX,4084.3,4018.7,0.09523809523809523,0.11904761904761904,False,0.68,large
resnet18,tinyimagenet,Inference,Cpp/LibTorch,Python/PyTorch,4084.3,10655.9,0.007936507936507936,0.11904761904761904,False,-1.0,large
resnet18,tinyimagenet,Inference,Cpp/LibTorch,Python/TensorFlow,4084.3,4208.3,0.007936507936507936,0.11904761904761904,False,-1.0,large
resnet18,tinyimagenet,Inference,Cpp/LibTorch,R/torch,4084.3,72015.6,0.007936507936507936,0.11904761904761904,False,-1.0,large
resnet18,tinyimagenet,Inference,Java/DL4J,Python/JAX,17119.2,4018.7,0.007936507936507936,0.11904761904761904,False,1.0,large
resnet18,tinyimagenet,Inference,Java/DL4J,Python/PyTorch,17119.2,10655.9,0.007936507936507936,0.11904761904761904,False,1.0,large
resnet18,tinyimagenet,Inference,Java/DL4J,Python/TensorFlow,17119.2,4208.3,0.007936507936507936,0.11904761904761904,False,1.0,large
resnet18,tinyimagenet,Inference,Java/DL4J,R/torch,17119.2,72015.6,0.007936507936507936,0.11904761904761904,False,-1.0,large
resnet18,tinyimagenet,Inference,Python/JAX,Python/PyTorch,4018.7,10655.9,0.007936507936507936,0.11904761904761904,False,-1.0,large
resnet18,tinyimagenet,Inference,Python/JAX,Python/TensorFlow,4018.7,4208.3,0.007936507936507936,0.11904761904761904,False,-1.0,large
resnet18,tinyimagenet,Inference,Python/JAX,R/torch,4018.7,72015.6,0.007936507936507936,0.11904761904761904,False,-1.0,large
resnet18,tinyimagenet,Inference,Python/PyTorch,Python/TensorFlow,10655.9,4208.3,0.007936507936507936,0.11904761904761904,False,1.0,large
resnet18,tinyimagenet,Inference,Python/PyTorch,R/torch,10655.9,72015.6,0.007936507936507936,0.11904761904761904,False,-1.0,large
resnet18,tinyimagenet,Inference,Python/TensorFlow,R/torch,4208.3,72015.6,0.007936507936507936,0.11904761904761904,False,-1.0,large
resnet18,tinyimagenet,Training,Cpp/LibTorch,Java/DL4J,63871.1,505507.8,0.007936507936507936,0.11904761904761904,False,-1.0,large
resnet18,tinyimagenet,Training,Cpp/LibTorch,Python/JAX,63871.1,53056.5,0.007936507936507936,0.11904761904761904,False,1.0,large
resnet18,tinyimagenet,Training,Cpp/LibTorch,Python/PyTorch,63871.1,205970.4,0.007936507936507936,0.11904761904761904,False,-1.0,large
resnet18,tinyimagenet,Training,Cpp/LibTorch,Python/TensorFlow,63871.1,69355.6,0.007936507936507936,0.11904761904761904,False,-1.0,large
resnet18,tinyimagenet,Training,Cpp/LibTorch,R/torch,63871.1,543960.3,0.007936507936507936,0.11904761904761904,False,-1.0,large
resnet18,tinyimagenet,Training,Java/DL4J,Python/JAX,505507.8,53056.5,0.007936507936507936,0.11904761904761904,False,1.0,large
resnet18,tinyimagenet,Training,Java/DL4J,Python/PyTorch,505507.8,205970.4,0.007936507936507936,0.11904761904761904,False,1.0,large
resnet18,tinyimagenet,Training,Java/DL4J,Python/TensorFlow,505507.8,69355.6,0.007936507936507936,0.11904761904761904,False,1.0,large
resnet18,tinyimagenet,Training,Java/DL4J,R/torch,505507.8,543960.3,0.007936507936507936,0.11904761904761904,False,-1.0,large
resnet18,tinyimagenet,Training,Python/JAX,Python/PyTorch,53056.5,205970.4,0.007936507936507936,0.11904761904761904,False,-1.0,large
resnet18,tinyimagenet,Training,Python/JAX,Python/TensorFlow,53056.5,69355.6,0.007936507936507936,0.11904761904761904,False,-1.0,large
resnet18,tinyimagenet,Training,Python/JAX,R/torch,53056.5,543960.3,0.007936507936507936,0.11904761904761904,False,-1.0,large
resnet18,tinyimagenet,Training,Python/PyTorch,Python/TensorFlow,205970.4,69355.6,0.007936507936507936,0.11904761904761904,False,1.0,large
resnet18,tinyimagenet,Training,Python/PyTorch,R/torch,205970.4,543960.3,0.007936507936507936,0.11904761904761904,False,-1.0,large
resnet18,tinyimagenet,Training,Python/TensorFlow,R/torch,69355.6,543960.3,0.007936507936507936,0.11904761904761904,False,-1.0,large
vgg16,cifar100,Inference,Cpp/LibTorch,Java/DL4J,5423.8,32658.4,0.007936507936507936,0.16666666666666666,False,-1.0,large
vgg16,cifar100,Inference,Cpp/LibTorch,Python/JAX,5423.8,3380.7,0.007936507936507936,0.16666666666666666,False,1.0,large
vgg16,cifar100,Inference,Cpp/LibTorch,Python/PyTorch,5423.8,10369.9,0.007936507936507936,0.16666666666666666,False,-1.0,large
vgg16,cifar100,Inference,Cpp/LibTorch,Python/TensorFlow,5423.8,3839.7,0.007936507936507936,0.16666666666666666,False,1.0,large
vgg16,cifar100,Inference,Cpp/LibTorch,R/torch,5423.8,63117.6,0.007936507936507936,0.16666666666666666,False,-1.0,large
vgg16,cifar100,Inference,Cpp/LibTorch,Rust/tch,5423.8,8737.0,0.007936507936507936,0.16666666666666666,False,-1.0,large
vgg16,cifar100,Inference,Java/DL4J,Python/JAX,32658.4,3380.7,0.007936507936507936,0.16666666666666666,False,1.0,large
vgg16,cifar100,Inference,Java/DL4J,Python/PyTorch,32658.4,10369.9,0.007936507936507936,0.16666666666666666,False,1.0,large
vgg16,cifar100,Inference,Java/DL4J,Python/TensorFlow,32658.4,3839.7,0.007936507936507936,0.16666666666666666,False,1.0,large
vgg16,cifar100,Inference,Java/DL4J,R/torch,32658.4,63117.6,0.007936507936507936,0.16666666666666666,False,-1.0,large
vgg16,cifar100,Inference,Java/DL4J,Rust/tch,32658.4,8737.0,0.007936507936507936,0.16666666666666666,False,1.0,large
vgg16,cifar100,Inference,Python/JAX,Python/PyTorch,3380.7,10369.9,0.007936507936507936,0.16666666666666666,False,-1.0,large
vgg16,cifar100,Inference,Python/JAX,Python/TensorFlow,3380.7,3839.7,0.007936507936507936,0.16666666666666666,False,-1.0,large
vgg16,cifar100,Inference,Python/JAX,R/torch,3380.7,63117.6,0.007936507936507936,0.16666666666666666,False,-1.0,large
vgg16,cifar100,Inference,Python/JAX,Rust/tch,3380.7,8737.0,0.007936507936507936,0.16666666666666666,False,-1.0,large
vgg16,cifar100,Inference,Python/PyTorch,Python/TensorFlow,10369.9,3839.7,0.007936507936507936,0.16666666666666666,False,1.0,large
vgg16,cifar100,Inference,Python/PyTorch,R/torch,10369.9,63117.6,0.007936507936507936,0.16666666666666666,False,-1.0,large
vgg16,cifar100,Inference,Python/PyTorch,Rust/tch,10369.9,8737.0,0.007936507936507936,0.16666666666666666,False,1.0,large
vgg16,cifar100,Inference,Python/TensorFlow,R/torch,3839.7,63117.6,0.007936507936507936,0.16666666666666666,False,-1.0,large
vgg16,cifar100,Inference,Python/TensorFlow,Rust/tch,3839.7,8737.0,0.007936507936507936,0.16666666666666666,False,-1.0,large
vgg16,cifar100,Inference,R/torch,Rust/tch,63117.6,8737.0,0.007936507936507936,0.16666666666666666,False,1.0,large
vgg16,cifar100,Training,Cpp/LibTorch,Java/DL4J,146071.3,476834.4,0.007936507936507936,0.16666666666666666,False,-1.0,large
vgg16,cifar100,Training,Cpp/LibTorch,Python/JAX,146071.3,60578.1,0.007936507936507936,0.16666666666666666,False,1.0,large
vgg16,cifar100,Training,Cpp/LibTorch,Python/PyTorch,146071.3,156907.1,0.007936507936507936,0.16666666666666666,False,-1.0,large
vgg16,cifar100,Training,Cpp/LibTorch,Python/TensorFlow,146071.3,93624.9,0.007936507936507936,0.16666666666666666,False,1.0,large
vgg16,cifar100,Training,Cpp/LibTorch,R/torch,146071.3,246684.3,0.007936507936507936,0.16666666666666666,False,-1.0,large
vgg16,cifar100,Training,Cpp/LibTorch,Rust/tch,146071.3,160503.6,0.007936507936507936,0.16666666666666666,False,-1.0,large
vgg16,cifar100,Training,Java/DL4J,Python/JAX,476834.4,60578.1,0.007936507936507936,0.16666666666666666,False,1.0,large
vgg16,cifar100,Training,Java/DL4J,Python/PyTorch,476834.4,156907.1,0.007936507936507936,0.16666666666666666,False,1.0,large
vgg16,cifar100,Training,Java/DL4J,Python/TensorFlow,476834.4,93624.9,0.007936507936507936,0.16666666666666666,False,1.0,large
vgg16,cifar100,Training,Java/DL4J,R/torch,476834.4,246684.3,0.007936507936507936,0.16666666666666666,False,1.0,large
vgg16,cifar100,Training,Java/DL4J,Rust/tch,476834.4,160503.6,0.007936507936507936,0.16666666666666666,False,1.0,large
vgg16,cifar100,Training,Python/JAX,Python/PyTorch,60578.1,156907.1,0.007936507936507936,0.16666666666666666,False,-1.0,large
vgg16,cifar100,Training,Python/JAX,Python/TensorFlow,60578.1,93624.9,0.007936507936507936,0.16666666666666666,False,-1.0,large
vgg16,cifar100,Training,Python/JAX,R/torch,60578.1,246684.3,0.007936507936507936,0.16666666666666666,False,-1.0,large
vgg16,cifar100,Training,Python/JAX,Rust/tch,60578.1,160503.6,0.007936507936507936,0.16666666666666666,False,-1.0,large
vgg16,cifar100,Training,Python/PyTorch,Python/TensorFlow,156907.1,93624.9,0.007936507936507936,0.16666666666666666,False,1.0,large
vgg16,cifar100,Training,Python/PyTorch,R/torch,156907.1,246684.3,0.007936507936507936,0.16666666666666666,False,-1.0,large
vgg16,cifar100,Training,Python/PyTorch,Rust/tch,156907.1,160503.6,0.007936507936507936,0.16666666666666666,False,-1.0,large
vgg16,cifar100,Training,Python/TensorFlow,R/torch,93624.9,246684.3,0.007936507936507936,0.16666666666666666,False,-1.0,large
vgg16,cifar100,Training,Python/TensorFlow,Rust/tch,93624.9,160503.6,0.007936507936507936,0.16666666666666666,False,-1.0,large
vgg16,cifar100,Training,R/torch,Rust/tch,246684.3,160503.6,0.007936507936507936,0.16666666666666666,False,1.0,large
vgg16,fashionmnist,Inference,Cpp/LibTorch,Java/DL4J,5253.6,32561.0,0.007936507936507936,0.11904761904761904,False,-1.0,large
vgg16,fashionmnist,Inference,Cpp/LibTorch,Python/JAX,5253.6,3150.0,0.007936507936507936,0.11904761904761904,False,1.0,large
vgg16,fashionmnist,Inference,Cpp/LibTorch,Python/PyTorch,5253.6,10304.8,0.007936507936507936,0.11904761904761904,False,-1.0,large
vgg16,fashionmnist,Inference,Cpp/LibTorch,Python/TensorFlow,5253.6,3829.0,0.007936507936507936,0.11904761904761904,False,1.0,large
vgg16,fashionmnist,Inference,Cpp/LibTorch,R/torch,5253.6,70878.2,0.007936507936507936,0.11904761904761904,False,-1.0,large
vgg16,fashionmnist,Inference,Java/DL4J,Python/JAX,32561.0,3150.0,0.007936507936507936,0.11904761904761904,False,1.0,large
vgg16,fashionmnist,Inference,Java/DL4J,Python/PyTorch,32561.0,10304.8,0.007936507936507936,0.11904761904761904,False,1.0,large
vgg16,fashionmnist,Inference,Java/DL4J,Python/TensorFlow,32561.0,3829.0,0.007936507936507936,0.11904761904761904,False,1.0,large
vgg16,fashionmnist,Inference,Java/DL4J,R/torch,32561.0,70878.2,0.007936507936507936,0.11904761904761904,False,-1.0,large
vgg16,fashionmnist,Inference,Python/JAX,Python/PyTorch,3150.0,10304.8,0.007936507936507936,0.11904761904761904,False,-1.0,large
vgg16,fashionmnist,Inference,Python/JAX,Python/TensorFlow,3150.0,3829.0,0.007936507936507936,0.11904761904761904,False,-1.0,large
vgg16,fashionmnist,Inference,Python/JAX,R/torch,3150.0,70878.2,0.007936507936507936,0.11904761904761904,False,-1.0,large
vgg16,fashionmnist,Inference,Python/PyTorch,Python/TensorFlow,10304.8,3829.0,0.007936507936507936,0.11904761904761904,False,1.0,large
vgg16,fashionmnist,Inference,Python/PyTorch,R/torch,10304.8,70878.2,0.007936507936507936,0.11904761904761904,False,-1.0,large
vgg16,fashionmnist,Inference,Python/TensorFlow,R/torch,3829.0,70878.2,0.007936507936507936,0.11904761904761904,False,-1.0,large
vgg16,fashionmnist,Training,Cpp/LibTorch,Java/DL4J,175153.8,573426.4,0.007936507936507936,0.11904761904761904,False,-1.0,large
vgg16,fashionmnist,Training,Cpp/LibTorch,Python/JAX,175153.8,72384.1,0.007936507936507936,0.11904761904761904,False,1.0,large
vgg16,fashionmnist,Training,Cpp/LibTorch,Python/PyTorch,175153.8,188712.4,0.007936507936507936,0.11904761904761904,False,-1.0,large
vgg16,fashionmnist,Training,Cpp/LibTorch,Python/TensorFlow,175153.8,111517.1,0.007936507936507936,0.11904761904761904,False,1.0,large
vgg16,fashionmnist,Training,Cpp/LibTorch,R/torch,175153.8,335886.7,0.007936507936507936,0.11904761904761904,False,-1.0,large
vgg16,fashionmnist,Training,Java/DL4J,Python/JAX,573426.4,72384.1,0.007936507936507936,0.11904761904761904,False,1.0,large
vgg16,fashionmnist,Training,Java/DL4J,Python/PyTorch,573426.4,188712.4,0.007936507936507936,0.11904761904761904,False,1.0,large
vgg16,fashionmnist,Training,Java/DL4J,Python/TensorFlow,573426.4,111517.1,0.007936507936507936,0.11904761904761904,False,1.0,large
vgg16,fashionmnist,Training,Java/DL4J,R/torch,573426.4,335886.7,0.007936507936507936,0.11904761904761904,False,1.0,large
vgg16,fashionmnist,Training,Python/JAX,Python/PyTorch,72384.1,188712.4,0.007936507936507936,0.11904761904761904,False,-1.0,large
vgg16,fashionmnist,Training,Python/JAX,Python/TensorFlow,72384.1,111517.1,0.007936507936507936,0.11904761904761904,False,-1.0,large
vgg16,fashionmnist,Training,Python/JAX,R/torch,72384.1,335886.7,0.007936507936507936,0.11904761904761904,False,-1.0,large
vgg16,fashionmnist,Training,Python/PyTorch,Python/TensorFlow,188712.4,111517.1,0.007936507936507936,0.11904761904761904,False,1.0,large
vgg16,fashionmnist,Training,Python/PyTorch,R/torch,188712.4,335886.7,0.007936507936507936,0.11904761904761904,False,-1.0,large
vgg16,fashionmnist,Training,Python/TensorFlow,R/torch,111517.1,335886.7,0.007936507936507936,0.11904761904761904,False,-1.0,large
vgg16,tinyimagenet,Inference,Cpp/LibTorch,Java/DL4J,7319.3,32848.7,0.007936507936507936,0.11904761904761904,False,-1.0,large
vgg16,tinyimagenet,Inference,Cpp/LibTorch,Python/JAX,7319.3,6719.4,0.007936507936507936,0.11904761904761904,False,1.0,large
vgg16,tinyimagenet,Inference,Cpp/LibTorch,Python/PyTorch,7319.3,13686.2,0.007936507936507936,0.11904761904761904,False,-1.0,large
vgg16,tinyimagenet,Inference,Cpp/LibTorch,Python/TensorFlow,7319.3,7104.3,0.031746031746031744,0.11904761904761904,False,0.84,large
vgg16,tinyimagenet,Inference,Cpp/LibTorch,R/torch,7319.3,70689.9,0.007936507936507936,0.11904761904761904,False,-1.0,large
vgg16,tinyimagenet,Inference,Java/DL4J,Python/JAX,32848.7,6719.4,0.007936507936507936,0.11904761904761904,False,1.0,large
vgg16,tinyimagenet,Inference,Java/DL4J,Python/PyTorch,32848.7,13686.2,0.007936507936507936,0.11904761904761904,False,1.0,large
vgg16,tinyimagenet,Inference,Java/DL4J,Python/TensorFlow,32848.7,7104.3,0.007936507936507936,0.11904761904761904,False,1.0,large
vgg16,tinyimagenet,Inference,Java/DL4J,R/torch,32848.7,70689.9,0.007936507936507936,0.11904761904761904,False,-1.0,large
vgg16,tinyimagenet,Inference,Python/JAX,Python/PyTorch,6719.4,13686.2,0.007936507936507936,0.11904761904761904,False,-1.0,large
vgg16,tinyimagenet,Inference,Python/JAX,Python/TensorFlow,6719.4,7104.3,0.007936507936507936,0.11904761904761904,False,-1.0,large
vgg16,tinyimagenet,Inference,Python/JAX,R/torch,6719.4,70689.9,0.007936507936507936,0.11904761904761904,False,-1.0,large
vgg16,tinyimagenet,Inference,Python/PyTorch,Python/TensorFlow,13686.2,7104.3,0.007936507936507936,0.11904761904761904,False,1.0,large
vgg16,tinyimagenet,Inference,Python/PyTorch,R/torch,13686.2,70689.9,0.007936507936507936,0.11904761904761904,False,-1.0,large
vgg16,tinyimagenet,Inference,Python/TensorFlow,R/torch,7104.3,70689.9,0.007936507936507936,0.11904761904761904,False,-1.0,large
vgg16,tinyimagenet,Training,Cpp/LibTorch,Java/DL4J,295864.7,957632.3,0.007936507936507936,0.11904761904761904,False,-1.0,large
vgg16,tinyimagenet,Training,Cpp/LibTorch,Python/JAX,295864.7,122417.2,0.007936507936507936,0.11904761904761904,False,1.0,large
vgg16,tinyimagenet,Training,Cpp/LibTorch,Python/PyTorch,295864.7,317302.3,0.007936507936507936,0.11904761904761904,False,-1.0,large
vgg16,tinyimagenet,Training,Cpp/LibTorch,Python/TensorFlow,295864.7,188235.5,0.007936507936507936,0.11904761904761904,False,1.0,large
vgg16,tinyimagenet,Training,Cpp/LibTorch,R/torch,295864.7,534080.8,0.007936507936507936,0.11904761904761904,False,-1.0,large
vgg16,tinyimagenet,Training,Java/DL4J,Python/JAX,957632.3,122417.2,0.007936507936507936,0.11904761904761904,False,1.0,large
vgg16,tinyimagenet,Training,Java/DL4J,Python/PyTorch,957632.3,317302.3,0.007936507936507936,0.11904761904761904,False,1.0,large
vgg16,tinyimagenet,Training,Java/DL4J,Python/TensorFlow,957632.3,188235.5,0.007936507936507936,0.11904761904761904,False,1.0,large
vgg16,tinyimagenet,Training,Java/DL4J,R/torch,957632.3,534080.8,0.007936507936507936,0.11904761904761904,False,1.0,large
vgg16,tinyimagenet,Training,Python/JAX,Python/PyTorch,122417.2,317302.3,0.007936507936507936,0.11904761904761904,False,-1.0,large
vgg16,tinyimagenet,Training,Python/JAX,Python/TensorFlow,122417.2,188235.5,0.007936507936507936,0.11904761904761904,False,-1.0,large
vgg16,tinyimagenet,Training,Python/JAX,R/torch,122417.2,534080.8,0.007936507936507936,0.11904761904761904,False,-1.0,large
vgg16,tinyimagenet,Training,Python/PyTorch,Python/TensorFlow,317302.3,188235.5,0.007936507936507936,0.11904761904761904,False,1.0,large
vgg16,tinyimagenet,Training,Python/PyTorch,R/torch,317302.3,534080.8,0.007936507936507936,0.11904761904761904,False,-1.0,large
vgg16,tinyimagenet,Training,Python/TensorFlow,R/torch,188235.5,534080.8,0.007936507936507936,0.11904761904761904,False,-1.0,large
