row_kind,quantity,ecosystem,model,dataset,phase,n_runs_v1,n_runs_v2,n_epochs_v1,n_epochs_v2,value_v1,value_v2,ratio_v1_v2,ratio_v1_v2_median,duration_v1_s,duration_v2_s,ratio_duration,comparable,comparability_note
PyTorch/C++ gap,"Python/PyTorch over C++/LibTorch, mean GPU J per epoch",Python/PyTorch : C++/LibTorch,resnet18,cifar100,Inference,10,10,300,300,2.981,2.486,1.199,,2.614,2.671,0.979,yes,"caveat: v1 built torchvision eagerly and v2 loads the exported TorchScript module, so the ratio bounds the precision effect from above"
PyTorch/C++ gap,"Python/PyTorch over C++/LibTorch, mean GPU J per epoch",Python/PyTorch : C++/LibTorch,resnet18,fashionmnist,Inference,10,10,300,300,4.865,2.942,1.654,,3.794,3.159,1.201,no,one side of the gap is not comparable
PyTorch/C++ gap,"Python/PyTorch over C++/LibTorch, mean GPU J per epoch",Python/PyTorch : C++/LibTorch,resnet18,tinyimagenet,Inference,10,10,300,300,2.865,2.452,1.169,,2.038,2.682,0.76,no,one side of the gap is not comparable
PyTorch/C++ gap,"Python/PyTorch over C++/LibTorch, mean GPU J per epoch",Python/PyTorch : C++/LibTorch,vgg16,cifar100,Inference,10,10,300,300,1.91,2.015,0.948,,1.864,2.656,0.702,no,one side of the gap is not comparable
PyTorch/C++ gap,"Python/PyTorch over C++/LibTorch, mean GPU J per epoch",Python/PyTorch : C++/LibTorch,vgg16,fashionmnist,Inference,10,10,300,300,1.929,2.059,0.937,,1.865,2.576,0.724,no,one side of the gap is not comparable
PyTorch/C++ gap,"Python/PyTorch over C++/LibTorch, mean GPU J per epoch",Python/PyTorch : C++/LibTorch,vgg16,tinyimagenet,Inference,10,10,300,300,1.841,2.372,0.776,,2.003,2.649,0.756,no,one side of the gap is not comparable
PyTorch/C++ gap,"Python/PyTorch over C++/LibTorch, mean GPU J per epoch",Python/PyTorch : C++/LibTorch,resnet18,cifar100,Training,10,10,300,300,3.939,1.253,3.143,,2.927,1.465,1.998,yes,"caveat: v1 built torchvision eagerly and v2 loads the exported TorchScript module, so the ratio bounds the precision effect from above"
PyTorch/C++ gap,"Python/PyTorch over C++/LibTorch, mean GPU J per epoch",Python/PyTorch : C++/LibTorch,resnet18,fashionmnist,Training,10,10,300,300,3.943,1.21,3.258,,2.953,1.388,2.127,no,one side of the gap is not comparable
PyTorch/C++ gap,"Python/PyTorch over C++/LibTorch, mean GPU J per epoch",Python/PyTorch : C++/LibTorch,resnet18,tinyimagenet,Training,10,10,300,300,3.45,1.238,2.786,,2.421,1.448,1.672,no,one side of the gap is not comparable
PyTorch/C++ gap,"Python/PyTorch over C++/LibTorch, mean GPU J per epoch",Python/PyTorch : C++/LibTorch,vgg16,cifar100,Training,10,10,300,300,1.067,1.016,1.05,,1.079,1.041,1.036,no,one side of the gap is not comparable
PyTorch/C++ gap,"Python/PyTorch over C++/LibTorch, mean GPU J per epoch",Python/PyTorch : C++/LibTorch,vgg16,fashionmnist,Training,10,10,300,300,1.066,1.014,1.051,,1.077,1.038,1.037,no,one side of the gap is not comparable
PyTorch/C++ gap,"Python/PyTorch over C++/LibTorch, mean GPU J per epoch",Python/PyTorch : C++/LibTorch,vgg16,tinyimagenet,Training,10,10,300,300,1.065,1.013,1.051,,1.075,1.032,1.042,no,one side of the gap is not comparable
stack contrast,mean GPU J per epoch,C++/LibTorch,resnet18,cifar100,Inference,5,5,150,150,51.8,51.2,1.012,1.001,0.368,0.368,0.999,yes,no known between-campaign difference for this cell
stack contrast,mean GPU J per epoch,Java/DL4J,resnet18,cifar100,Inference,5,5,150,150,438.8,863.7,0.508,0.507,2.079,4.291,0.484,no,"graph built by hand: ConvolutionMode.Truncate instead of explicit padding and a bias on every convolution, so the arithmetic differs (log 2)"
stack contrast,mean GPU J per epoch,Python/JAX,resnet18,cifar100,Inference,5,5,150,150,41.1,106.6,0.386,0.4,0.328,0.868,0.378,no,"the measurement window itself changed: block_until_ready was absent in v1, so 35.9% of the work finished after the block closed and the energy attributed to it was 0.70x the true figure (log 4)"
stack contrast,mean GPU J per epoch,Python/PyTorch,resnet18,cifar100,Inference,5,5,150,150,154.4,127.3,1.213,1.211,0.962,0.983,0.979,yes,"caveat: v1 built torchvision eagerly and v2 loads the exported TorchScript module, so the ratio bounds the precision effect from above"
stack contrast,mean GPU J per epoch,Python/TensorFlow,resnet18,cifar100,Inference,5,5,150,150,46.0,105.5,0.436,0.442,0.328,0.796,0.412,no,"Model Garden adds a projection shortcut on the first stage (log 2), and drop_remainder=True gave one fewer gradient step per epoch (log 5)"
stack contrast,mean GPU J per epoch,R/torch,resnet18,cifar100,Inference,5,5,150,150,1501.2,1529.1,0.982,0.984,12.515,12.801,0.978,yes,no known between-campaign difference for this cell
stack contrast,mean GPU J per epoch,Rust/tch,resnet18,cifar100,Inference,5,5,150,150,74.0,72.6,1.02,1.031,0.549,0.549,0.999,yes,no known between-campaign difference for this cell
stack contrast,mean GPU J per epoch,C++/LibTorch,resnet18,fashionmnist,Inference,5,5,150,150,36.4,41.5,0.877,0.913,0.252,0.296,0.853,no,"training images re-encoded 28x28 -> 32x32 between the campaigns (log 17): all 60,000 differ pixel for pixel, so the loader stopped upsampling"
stack contrast,mean GPU J per epoch,Java/DL4J,resnet18,fashionmnist,Inference,5,5,150,150,435.9,875.5,0.498,0.498,2.072,4.313,0.48,no,"graph built by hand: ConvolutionMode.Truncate instead of explicit padding and a bias on every convolution, so the arithmetic differs (log 2)"
stack contrast,mean GPU J per epoch,Python/JAX,resnet18,fashionmnist,Inference,5,5,150,150,30.0,99.4,0.301,0.319,0.246,0.8,0.308,no,"the measurement window itself changed: block_until_ready was absent in v1, so 35.9% of the work finished after the block closed and the energy attributed to it was 0.70x the true figure (log 4)"
stack contrast,mean GPU J per epoch,Python/PyTorch,resnet18,fashionmnist,Inference,5,5,150,150,177.1,122.1,1.451,1.518,0.956,0.935,1.022,no,"training images re-encoded 28x28 -> 32x32 between the campaigns (log 17): all 60,000 differ pixel for pixel, so the loader stopped upsampling"
stack contrast,mean GPU J per epoch,Python/TensorFlow,resnet18,fashionmnist,Inference,5,5,150,150,36.7,102.5,0.358,0.367,0.257,0.754,0.34,no,"Model Garden adds a projection shortcut on the first stage (log 2), and drop_remainder=True gave one fewer gradient step per epoch (log 5)"
stack contrast,mean GPU J per epoch,R/torch,resnet18,fashionmnist,Inference,5,5,150,150,1663.4,1564.4,1.063,1.064,13.914,13.107,1.062,no,"training images re-encoded 28x28 -> 32x32 between the campaigns (log 17): all 60,000 differ pixel for pixel, so the loader stopped upsampling"
stack contrast,mean GPU J per epoch,Rust/tch,resnet18,fashionmnist,Inference,5,5,150,150,61.2,52.7,1.161,1.165,0.452,0.377,1.2,no,"training images re-encoded 28x28 -> 32x32 between the campaigns (log 17): all 60,000 differ pixel for pixel, so the loader stopped upsampling"
stack contrast,mean GPU J per epoch,C++/LibTorch,resnet18,tinyimagenet,Inference,5,5,150,150,95.8,52.9,1.812,1.812,0.715,0.368,1.939,no,"training images re-encoded 64x64 -> 32x32 between the campaigns (log 13, 17): all 100,000 differ pixel for pixel, so the loader stopped downsampling and every stack decodes a quarter of the pixels"
stack contrast,mean GPU J per epoch,Java/DL4J,resnet18,tinyimagenet,Inference,5,5,150,150,454.0,858.3,0.529,0.533,2.175,4.294,0.506,no,"graph built by hand: ConvolutionMode.Truncate instead of explicit padding and a bias on every convolution, so the arithmetic differs (log 2)"
stack contrast,mean GPU J per epoch,Python/JAX,resnet18,tinyimagenet,Inference,5,5,150,150,92.5,107.8,0.858,0.898,0.735,0.861,0.854,no,"the measurement window itself changed: block_until_ready was absent in v1, so 35.9% of the work finished after the block closed and the energy attributed to it was 0.70x the true figure (log 4)"
stack contrast,mean GPU J per epoch,Python/PyTorch,resnet18,tinyimagenet,Inference,5,5,150,150,274.5,129.7,2.116,2.103,1.457,0.987,1.476,no,"training images re-encoded 64x64 -> 32x32 between the campaigns (log 13, 17): all 100,000 differ pixel for pixel, so the loader stopped downsampling and every stack decodes a quarter of the pixels"
stack contrast,mean GPU J per epoch,Python/TensorFlow,resnet18,tinyimagenet,Inference,5,5,150,150,99.1,109.7,0.904,0.908,0.722,0.804,0.898,no,"Model Garden adds a projection shortcut on the first stage (log 2), and drop_remainder=True gave one fewer gradient step per epoch (log 5)"
stack contrast,mean GPU J per epoch,R/torch,resnet18,tinyimagenet,Inference,5,5,150,150,1662.2,1627.2,1.021,1.019,13.918,13.611,1.023,no,"training images re-encoded 64x64 -> 32x32 between the campaigns (log 13, 17): all 100,000 differ pixel for pixel, so the loader stopped downsampling and every stack decodes a quarter of the pixels"
stack contrast,mean GPU J per epoch,Rust/tch,resnet18,tinyimagenet,Inference,5,5,150,150,252.5,132.0,1.913,1.919,1.978,0.792,2.497,no,"training images re-encoded 64x64 -> 32x32 between the campaigns (log 13, 17): all 100,000 differ pixel for pixel, so the loader stopped downsampling and every stack decodes a quarter of the pixels"
stack contrast,mean GPU J per epoch,C++/LibTorch,vgg16,cifar100,Inference,5,5,150,150,151.2,90.9,1.663,1.646,0.514,0.369,1.394,no,VGG-16 ran as four different networks spanning 9.1x in parameters (log 2)
stack contrast,mean GPU J per epoch,Java/DL4J,vgg16,cifar100,Inference,5,5,150,150,939.3,2215.4,0.424,0.428,2.808,7.263,0.387,no,VGG-16 ran as four different networks spanning 9.1x in parameters (log 2)
stack contrast,mean GPU J per epoch,Python/JAX,vgg16,cifar100,Inference,5,5,150,150,92.2,194.0,0.475,0.52,0.334,1.002,0.333,no,VGG-16 ran as four different networks spanning 9.1x in parameters (log 2)
stack contrast,mean GPU J per epoch,Python/PyTorch,vgg16,cifar100,Inference,5,5,150,150,288.8,183.2,1.576,1.599,0.958,0.98,0.978,no,VGG-16 ran as four different networks spanning 9.1x in parameters (log 2)
stack contrast,mean GPU J per epoch,Python/TensorFlow,vgg16,cifar100,Inference,5,5,150,150,105.4,157.3,0.67,0.65,0.389,0.798,0.487,no,VGG-16 ran as four different networks spanning 9.1x in parameters (log 2)
stack contrast,mean GPU J per epoch,R/torch,vgg16,cifar100,Inference,5,5,150,150,1476.1,1486.2,0.993,0.995,11.926,12.012,0.993,no,VGG-16 ran as four different networks spanning 9.1x in parameters (log 2)
stack contrast,mean GPU J per epoch,Rust/tch,vgg16,cifar100,Inference,5,5,150,150,249.1,151.2,1.648,1.72,0.857,0.718,1.193,no,VGG-16 ran as four different networks spanning 9.1x in parameters (log 2)
stack contrast,mean GPU J per epoch,C++/LibTorch,vgg16,fashionmnist,Inference,5,5,150,150,148.9,90.5,1.645,1.565,0.51,0.363,1.405,no,VGG-16 ran as four different networks spanning 9.1x in parameters (log 2)
stack contrast,mean GPU J per epoch,Java/DL4J,vgg16,fashionmnist,Inference,5,5,150,150,936.3,2211.6,0.423,0.426,2.807,7.219,0.389,no,VGG-16 ran as four different networks spanning 9.1x in parameters (log 2)
stack contrast,mean GPU J per epoch,Python/JAX,vgg16,fashionmnist,Inference,5,5,150,150,86.3,199.6,0.433,0.472,0.316,0.93,0.34,no,VGG-16 ran as four different networks spanning 9.1x in parameters (log 2)
stack contrast,mean GPU J per epoch,Python/PyTorch,vgg16,fashionmnist,Inference,5,5,150,150,287.3,186.3,1.542,1.55,0.951,0.935,1.017,no,VGG-16 ran as four different networks spanning 9.1x in parameters (log 2)
stack contrast,mean GPU J per epoch,Python/TensorFlow,vgg16,fashionmnist,Inference,5,5,150,150,106.9,158.7,0.673,0.663,0.387,0.751,0.515,no,VGG-16 ran as four different networks spanning 9.1x in parameters (log 2)
stack contrast,mean GPU J per epoch,R/torch,vgg16,fashionmnist,Inference,5,5,150,150,1652.7,1502.2,1.1,1.098,13.357,12.16,1.098,no,VGG-16 ran as four different networks spanning 9.1x in parameters (log 2)
stack contrast,mean GPU J per epoch,Rust/tch,vgg16,fashionmnist,Inference,5,5,150,150,236.1,126.1,1.872,1.927,0.755,0.547,1.38,no,VGG-16 ran as four different networks spanning 9.1x in parameters (log 2)
stack contrast,mean GPU J per epoch,C++/LibTorch,vgg16,tinyimagenet,Inference,5,5,150,150,201.3,92.8,2.17,2.158,0.723,0.37,1.956,no,VGG-16 ran as four different networks spanning 9.1x in parameters (log 2)
stack contrast,mean GPU J per epoch,Java/DL4J,vgg16,tinyimagenet,Inference,5,5,150,150,937.7,2301.1,0.407,0.407,2.85,7.772,0.367,no,VGG-16 ran as four different networks spanning 9.1x in parameters (log 2)
stack contrast,mean GPU J per epoch,Python/JAX,vgg16,tinyimagenet,Inference,5,5,150,150,180.2,200.2,0.9,1.015,0.743,1.001,0.742,no,VGG-16 ran as four different networks spanning 9.1x in parameters (log 2)
stack contrast,mean GPU J per epoch,Python/PyTorch,vgg16,tinyimagenet,Inference,5,5,150,150,370.6,220.1,1.683,1.667,1.448,0.98,1.478,no,VGG-16 ran as four different networks spanning 9.1x in parameters (log 2)
stack contrast,mean GPU J per epoch,Python/TensorFlow,vgg16,tinyimagenet,Inference,5,5,150,150,195.7,179.3,1.092,1.052,0.738,0.798,0.926,no,VGG-16 ran as four different networks spanning 9.1x in parameters (log 2)
stack contrast,mean GPU J per epoch,R/torch,vgg16,tinyimagenet,Inference,5,5,150,150,1653.1,1594.5,1.037,1.037,13.395,12.959,1.034,no,VGG-16 ran as four different networks spanning 9.1x in parameters (log 2)
stack contrast,mean GPU J per epoch,Rust/tch,vgg16,tinyimagenet,Inference,5,5,150,150,454.0,216.0,2.102,2.076,2.285,0.963,2.373,no,VGG-16 ran as four different networks spanning 9.1x in parameters (log 2)
stack contrast,mean GPU J per epoch,C++/LibTorch,resnet18,cifar100,Training,5,5,150,150,741.1,742.3,0.998,1.0,2.941,2.948,0.998,yes,no known between-campaign difference for this cell
stack contrast,mean GPU J per epoch,Java/DL4J,resnet18,cifar100,Training,5,5,150,150,6610.8,6264.8,1.055,1.054,33.52,32.401,1.035,no,"graph built by hand: ConvolutionMode.Truncate instead of explicit padding and a bias on every convolution, so the arithmetic differs (log 2)"
stack contrast,mean GPU J per epoch,Python/JAX,resnet18,cifar100,Training,5,5,150,150,480.5,742.2,0.647,0.685,1.658,4.602,0.36,no,"the measurement window itself changed: block_until_ready was absent in v1, so 35.9% of the work finished after the block closed and the energy attributed to it was 0.70x the true figure (log 4)"
stack contrast,mean GPU J per epoch,Python/PyTorch,resnet18,cifar100,Training,5,5,150,150,2918.9,930.1,3.138,3.139,8.608,4.318,1.994,yes,"caveat: v1 built torchvision eagerly and v2 loads the exported TorchScript module, so the ratio bounds the precision effect from above"
stack contrast,mean GPU J per epoch,Python/TensorFlow,resnet18,cifar100,Training,5,5,150,150,777.1,980.5,0.792,0.787,2.689,4.238,0.635,no,"Model Garden adds a projection shortcut on the first stage (log 2), and drop_remainder=True gave one fewer gradient step per epoch (log 5)"
stack contrast,mean GPU J per epoch,R/torch,resnet18,cifar100,Training,5,5,150,150,6064.5,6146.6,0.987,0.988,48.071,48.913,0.983,yes,no known between-campaign difference for this cell
stack contrast,mean GPU J per epoch,Rust/tch,resnet18,cifar100,Training,5,5,150,150,974.7,968.1,1.007,1.008,4.581,4.59,0.998,yes,no known between-campaign difference for this cell
stack contrast,mean GPU J per epoch,C++/LibTorch,resnet18,fashionmnist,Training,5,5,150,150,889.8,890.1,1.0,1.0,3.497,3.506,0.998,no,"training images re-encoded 28x28 -> 32x32 between the campaigns (log 17): all 60,000 differ pixel for pixel, so the loader stopped upsampling"
stack contrast,mean GPU J per epoch,Java/DL4J,resnet18,fashionmnist,Training,5,5,150,150,7937.4,7517.5,1.056,1.057,40.363,38.948,1.036,no,"graph built by hand: ConvolutionMode.Truncate instead of explicit padding and a bias on every convolution, so the arithmetic differs (log 2)"
stack contrast,mean GPU J per epoch,Python/JAX,resnet18,fashionmnist,Training,5,5,150,150,538.0,801.4,0.671,0.678,1.75,4.756,0.368,no,"the measurement window itself changed: block_until_ready was absent in v1, so 35.9% of the work finished after the block closed and the energy attributed to it was 0.70x the true figure (log 4)"
stack contrast,mean GPU J per epoch,Python/PyTorch,resnet18,fashionmnist,Training,5,5,150,150,3508.8,1077.3,3.257,3.257,10.328,4.868,2.121,no,"training images re-encoded 28x28 -> 32x32 between the campaigns (log 17): all 60,000 differ pixel for pixel, so the loader stopped upsampling"
stack contrast,mean GPU J per epoch,Python/TensorFlow,resnet18,fashionmnist,Training,5,5,150,150,926.7,1139.3,0.813,0.809,3.134,4.774,0.656,no,"Model Garden adds a projection shortcut on the first stage (log 2), and drop_remainder=True gave one fewer gradient step per epoch (log 5)"
stack contrast,mean GPU J per epoch,R/torch,resnet18,fashionmnist,Training,5,5,150,150,8154.0,7389.7,1.103,1.104,65.068,58.808,1.106,no,"training images re-encoded 28x28 -> 32x32 between the campaigns (log 17): all 60,000 differ pixel for pixel, so the loader stopped upsampling"
stack contrast,mean GPU J per epoch,Rust/tch,resnet18,fashionmnist,Training,5,5,150,150,1083.9,1026.7,1.056,1.057,4.912,4.491,1.094,no,"training images re-encoded 28x28 -> 32x32 between the campaigns (log 17): all 60,000 differ pixel for pixel, so the loader stopped upsampling"
stack contrast,mean GPU J per epoch,C++/LibTorch,resnet18,tinyimagenet,Training,5,5,150,150,1702.7,1511.1,1.127,1.126,7.103,5.851,1.214,no,"training images re-encoded 64x64 -> 32x32 between the campaigns (log 13, 17): all 100,000 differ pixel for pixel, so the loader stopped downsampling and every stack decodes a quarter of the pixels"
stack contrast,mean GPU J per epoch,Java/DL4J,resnet18,tinyimagenet,Training,5,5,150,150,13354.4,12565.5,1.063,1.063,67.409,64.716,1.042,no,"graph built by hand: ConvolutionMode.Truncate instead of explicit padding and a bias on every convolution, so the arithmetic differs (log 2)"
stack contrast,mean GPU J per epoch,Python/JAX,resnet18,tinyimagenet,Training,5,5,150,150,1353.8,1413.8,0.958,0.97,7.339,8.49,0.864,no,"the measurement window itself changed: block_until_ready was absent in v1, so 35.9% of the work finished after the block closed and the energy attributed to it was 0.70x the true figure (log 4)"
stack contrast,mean GPU J per epoch,Python/PyTorch,resnet18,tinyimagenet,Training,5,5,150,150,5873.5,1870.8,3.14,3.141,17.194,8.471,2.03,no,"training images re-encoded 64x64 -> 32x32 between the campaigns (log 13, 17): all 100,000 differ pixel for pixel, so the loader stopped downsampling and every stack decodes a quarter of the pixels"
stack contrast,mean GPU J per epoch,Python/TensorFlow,resnet18,tinyimagenet,Training,5,5,150,150,1883.8,1980.3,0.951,0.953,7.236,8.297,0.872,no,"Model Garden adds a projection shortcut on the first stage (log 2), and drop_remainder=True gave one fewer gradient step per epoch (log 5)"
stack contrast,mean GPU J per epoch,R/torch,resnet18,tinyimagenet,Training,5,5,150,150,12629.8,11961.2,1.056,1.055,100.281,94.719,1.059,no,"training images re-encoded 64x64 -> 32x32 between the campaigns (log 13, 17): all 100,000 differ pixel for pixel, so the loader stopped downsampling and every stack decodes a quarter of the pixels"
stack contrast,mean GPU J per epoch,Rust/tch,resnet18,tinyimagenet,Training,5,5,150,150,3379.2,2367.2,1.428,1.425,23.786,11.775,2.02,no,"training images re-encoded 64x64 -> 32x32 between the campaigns (log 13, 17): all 100,000 differ pixel for pixel, so the loader stopped downsampling and every stack decodes a quarter of the pixels"
stack contrast,mean GPU J per epoch,C++/LibTorch,vgg16,cifar100,Training,5,5,150,150,4225.8,2039.1,2.072,2.069,12.429,6.014,2.067,no,VGG-16 ran as four different networks spanning 9.1x in parameters (log 2)
stack contrast,mean GPU J per epoch,Java/DL4J,vgg16,cifar100,Training,5,5,150,150,13754.6,12989.3,1.059,1.059,40.877,38.641,1.058,no,VGG-16 ran as four different networks spanning 9.1x in parameters (log 2)
stack contrast,mean GPU J per epoch,Python/JAX,vgg16,cifar100,Training,5,5,150,150,1742.5,1722.2,1.012,1.052,5.159,5.359,0.963,no,VGG-16 ran as four different networks spanning 9.1x in parameters (log 2)
stack contrast,mean GPU J per epoch,Python/PyTorch,vgg16,cifar100,Training,5,5,150,150,4509.3,2072.3,2.176,2.174,13.406,6.261,2.141,no,VGG-16 ran as four different networks spanning 9.1x in parameters (log 2)
stack contrast,mean GPU J per epoch,Python/TensorFlow,vgg16,cifar100,Training,5,5,150,150,2719.6,1696.4,1.603,1.602,8.154,5.12,1.592,no,VGG-16 ran as four different networks spanning 9.1x in parameters (log 2)
stack contrast,mean GPU J per epoch,R/torch,vgg16,cifar100,Training,5,5,150,150,5935.5,5939.3,0.999,0.998,42.101,42.156,0.999,no,VGG-16 ran as four different networks spanning 9.1x in parameters (log 2)
stack contrast,mean GPU J per epoch,Rust/tch,vgg16,cifar100,Training,5,5,150,150,4658.4,2281.2,2.042,2.042,14.095,7.666,1.839,no,VGG-16 ran as four different networks spanning 9.1x in parameters (log 2)
stack contrast,mean GPU J per epoch,C++/LibTorch,vgg16,fashionmnist,Training,5,5,150,150,5078.5,2461.9,2.063,2.067,14.905,7.207,2.068,no,VGG-16 ran as four different networks spanning 9.1x in parameters (log 2)
stack contrast,mean GPU J per epoch,Java/DL4J,vgg16,fashionmnist,Training,5,5,150,150,16538.5,15490.0,1.068,1.066,49.195,46.012,1.069,no,VGG-16 ran as four different networks spanning 9.1x in parameters (log 2)
stack contrast,mean GPU J per epoch,Python/JAX,vgg16,fashionmnist,Training,5,5,150,150,2093.9,2051.4,1.021,1.052,6.168,6.277,0.983,no,VGG-16 ran as four different networks spanning 9.1x in parameters (log 2)
stack contrast,mean GPU J per epoch,Python/PyTorch,vgg16,fashionmnist,Training,5,5,150,150,5411.4,2495.7,2.168,2.169,16.046,7.482,2.145,no,VGG-16 ran as four different networks spanning 9.1x in parameters (log 2)
stack contrast,mean GPU J per epoch,Python/TensorFlow,vgg16,fashionmnist,Training,5,5,150,150,3251.9,2033.4,1.599,1.598,9.691,6.097,1.59,no,VGG-16 ran as four different networks spanning 9.1x in parameters (log 2)
stack contrast,mean GPU J per epoch,R/torch,vgg16,fashionmnist,Training,5,5,150,150,8044.4,7113.0,1.131,1.129,57.913,50.578,1.145,no,VGG-16 ran as four different networks spanning 9.1x in parameters (log 2)
stack contrast,mean GPU J per epoch,Rust/tch,vgg16,fashionmnist,Training,5,5,150,150,5443.2,2613.3,2.083,2.084,16.313,8.181,1.994,no,VGG-16 ran as four different networks spanning 9.1x in parameters (log 2)
stack contrast,mean GPU J per epoch,C++/LibTorch,vgg16,tinyimagenet,Training,5,5,150,150,8495.6,4131.9,2.056,2.055,24.84,12.023,2.066,no,VGG-16 ran as four different networks spanning 9.1x in parameters (log 2)
stack contrast,mean GPU J per epoch,Java/DL4J,vgg16,tinyimagenet,Training,5,5,150,150,27507.2,25776.7,1.067,1.068,82.266,77.015,1.068,no,VGG-16 ran as four different networks spanning 9.1x in parameters (log 2)
stack contrast,mean GPU J per epoch,Python/JAX,vgg16,tinyimagenet,Training,5,5,150,150,3506.3,3361.0,1.043,1.057,10.276,10.058,1.022,no,VGG-16 ran as four different networks spanning 9.1x in parameters (log 2)
stack contrast,mean GPU J per epoch,Python/PyTorch,vgg16,tinyimagenet,Training,5,5,150,150,9050.9,4186.4,2.162,2.16,26.712,12.403,2.154,no,VGG-16 ran as four different networks spanning 9.1x in parameters (log 2)
stack contrast,mean GPU J per epoch,Python/TensorFlow,vgg16,tinyimagenet,Training,5,5,150,150,5442.0,3477.3,1.565,1.562,16.048,10.307,1.557,no,VGG-16 ran as four different networks spanning 9.1x in parameters (log 2)
stack contrast,mean GPU J per epoch,R/torch,vgg16,tinyimagenet,Training,5,5,150,150,12826.2,12007.9,1.068,1.068,91.747,85.485,1.073,no,VGG-16 ran as four different networks spanning 9.1x in parameters (log 2)
stack contrast,mean GPU J per epoch,Rust/tch,vgg16,tinyimagenet,Training,5,5,150,150,11688.1,5034.5,2.322,2.322,42.32,17.898,2.365,no,VGG-16 ran as four different networks spanning 9.1x in parameters (log 2)
